masked.ip.id,age,gender,ethnicity,hispanic,SubjectId,Captcha1,Captcha2,Consent,UseData,BlackSuspect,RaceCheck,GenderCheck,WeaponCheck,PrintCheck,WhiteSuspect,RaceCheck_w,GenderCheck_w,WeaponCheck_w,PrintCheck_w,Masculine_1,Masculine_2,Masculine_3,Masculine_4,Masculine_5,Feminine_7,Feminine_8,Feminine_9,Feminine_10,SuspectPain_1,SuspectPain_2,SuspectPain_3,SuspectFault_1,SuspectFault_2,SuspectFault_3,OfficerFault_1,OfficerFault_2,OfficerFault_3,BeneSexism_1,BeneSexism_2,BeneSexism_3,BeneSexism_4,BeneSexism_5,HostSexism_1,HostSexism_2,HostSexism_3,HostSexism_4,HostSexism_5,HostSexism_6
1,34,2,2,1,9561,1,CAP,1,1,NA,NA,NA,NA,NA,1,1,1,1,1,91,100,100,100,0,81,76,85,76,0,82,69,54,69,34,20,22,78,4,4,4,4,4,4,3,3,5,5,4
2,80,1,1,1,6889,1,CAP,2,NA,NA,NA,NA,NA,NA,NA,NA,NA,NA,NA,NA,NA,NA,NA,NA,NA,NA,NA,NA,NA,NA,NA,NA,NA,NA,NA,NA,NA,NA,NA,NA,NA,NA,NA,NA,NA,NA,NA,NA
3,24,2,1,1,5596,1,Cap,1,1,NA,NA,NA,NA,NA,1,1,1,0,1,78,69,76,73,69,6,10,0,0,75,100,49,71,74,73,70,65,65,1,1,1,1,1,1,1,1,1,1,1
4,39,2,1,1,6275,1,Cap,1,1,NA,NA,NA,NA,NA,1,1,1,1,1,100,98,98,96,52,2,3,53,1,0,0,0,93,96,40,97,97,99,6,6,6,6,5,6,1,1,1,1,1
5,36,2,1,1,3056,1,Cap,1,1,NA,NA,NA,NA,NA,1,1,1,1,0,68,50,78,52,56,65,69,68,75,72,69,70,79,77,81,78,71,72,6,5,4,3,3,4,5,4,4,4,4
6,25,2,1,1,3211,1,CAP,1,1,1,1,1,1,1,NA,NA,NA,NA,NA,69,69,69,66,63,33,33,31,38,62,62,66,63,53,51,84,67,63,4,4,4,5,4,1,1,2,1,1,2
7,25,2,4,1,8567,1,CAP,1,1,NA,NA,NA,NA,NA,1,1,1,1,1,52,53,52,52,52,52,56,59,52,52,52,53,52,53,53,52,53,52,4,4,4,3,4,4,4,3,3,4,4
1,34,2,2,1,9427,1,CAP,1,1,NA,NA,NA,NA,NA,1,1,1,1,1,22,30,80,81,75,77,0,35,0,88,77,78,5,18,73,21,66,26,4,4,5,5,3,5,5,4,4,3,3
8,35,2,1,1,2074,1,CAP,1,1,NA,NA,NA,NA,NA,1,1,1,1,1,83,87,84,79,78,2,77,3,69,73,88,72,52,70,61,44,47,28,2,3,5,5,4,3,3,3,3,1,3
9,41,1,1,1,2447,1,CAP,1,1,1,0,0,0,1,NA,NA,NA,NA,NA,73,72,84,89,76,75,82,89,85,85,73,66,87,78,57,79,76,68,5,6,5,5,5,5,6,5,5,5,4
10,25,2,1,1,4823,1,Cap,1,1,NA,NA,NA,NA,NA,1,1,1,1,1,52,52,86,42,33,26,68,32,52,70,97,62,76,76,80,23,15,23,2,1,4,4,3,3,3,4,4,4,4
11,43,2,1,1,3911,1,CAP,1,1,1,1,1,1,1,NA,NA,NA,NA,NA,31,28,51,25,21,28,30,29,36,18,61,47,28,31,20,65,68,79,3,2,2,2,2,2,2,1,1,2,2
7,25,2,4,1,8006,1,CAP,1,1,NA,NA,NA,NA,NA,1,1,1,1,1,52,52,52,53,52,52,52,52,53,52,51,52,52,53,53,52,53,53,4,4,4,3,4,3,4,4,4,4,3
12,31,2,1,1,8279,1,CAP,1,1,1,1,0,0,0,NA,NA,NA,NA,NA,79,77,76,83,80,73,79,72,70,80,78,76,62,65,68,78,74,68,3,3,4,4,3,4,4,4,3,3,2
13,42,1,1,1,8962,1,CAP,1,1,NA,NA,NA,NA,NA,1,1,0,0,0,81,81,71,91,92,72,91,83,83,92,82,84,72,72,87,82,82,73,4,5,5,5,5,5,6,5,6,6,5
1,34,2,2,1,1187,1,CAP,1,0,NA,NA,NA,NA,NA,1,1,1,1,1,78,68,81,0,0,13,77,75,23,71,20,80,17,76,76,86,73,71,2,4,4,4,5,5,5,5,4,5,4
14,24,2,15,2,6147,1,Cap,1,1,1,1,1,1,1,NA,NA,NA,NA,NA,32,37,27,33,40,42,52,45,53,57,64,71,47,44,48,55,58,60,4,4,4,4,4,3,3,2,3,3,3
9,41,1,1,1,1633,1,CAP,1,1,NA,NA,NA,NA,NA,1,1,0,0,1,63,48,70,72,85,66,79,67,80,80,69,68,92,86,85,84,80,82,5,6,5,5,5,5,6,5,5,5,4
15,35,2,1,1,1514,1,Cap,1,1,NA,NA,NA,NA,NA,1,1,1,0,0,98,84,72,79,62,27,84,87,80,82,75,79,81,76,27,90,80,24,2,3,2,6,6,3,3,2,5,5,5
16,34,2,1,1,3937,1,CAP,1,1,1,0,1,0,0,NA,NA,NA,NA,NA,77,99,73,95,76,71,73,64,79,75,100,70,97,80,69,89,83,70,5,6,4,5,5,5,6,6,5,6,5
17,20,2,1,1,5535,1,CAP,1,1,NA,NA,NA,NA,NA,1,1,1,1,1,37,69,35,40,52,62,24,63,17,43,33,33,65,81,58,76,71,92,4,5,5,2,3,4,4,3,2,3,4
18,44,1,1,1,9063,1,CAP,1,1,1,0,0,0,0,NA,NA,NA,NA,NA,97,97,100,100,100,99,100,98,97,99,100,99,99,100,98,98,98,99,6,6,6,6,6,6,6,6,6,6,6
19,56,2,1,1,2393,1,CAP,1,1,NA,NA,NA,NA,NA,1,1,1,1,1,100,98,76,61,76,0,0,0,0,68,72,22,100,100,100,33,7,1,4,4,4,3,2,5,6,4,4,3,5
20,39,1,1,1,7177,1,CAP,1,0,1,1,1,0,0,NA,NA,NA,NA,NA,80,93,78,85,100,80,92,93,79,86,81,82,82,75,92,91,79,83,6,5,6,5,6,6,5,6,5,6,5
21,64,2,1,1,1884,1,cap,1,1,1,1,1,1,1,NA,NA,NA,NA,NA,70,71,75,74,69,13,49,54,8,42,51,32,56,61,49,86,78,74,4,4,4,4,4,4,5,5,4,4,3
22,49,2,1,1,6306,1,Cap,1,1,1,1,1,1,1,NA,NA,NA,NA,NA,100,100,80,100,100,0,5,6,0,59,47,2,100,100,100,0,0,0,3,6,6,6,6,6,6,1,1,1,1
23,26,2,1,1,2770,1,CAP,1,1,NA,NA,NA,NA,NA,1,1,1,1,1,100,100,78,87,70,0,0,0,0,78,100,24,100,100,100,13,9,52,1,1,6,2,1,6,6,3,2,1,1
24,21,2,2,2,8897,1,CAP,1,1,NA,NA,NA,NA,NA,1,1,1,1,0,95,85,78,84,84,67,80,74,68,86,90,84,79,78,87,82,80,80,5,4,5,3,2,5,4,5,4,5,5
13,42,1,1,1,3644,1,CAP,1,1,NA,NA,NA,NA,NA,1,1,0,0,0,83,91,82,91,83,82,82,83,84,69,83,83,82,83,82,71,83,84,5,5,5,5,5,4,5,5,5,5,5
25,23,2,1,1,7521,1,CAP,1,1,NA,NA,NA,NA,NA,1,1,1,1,1,42,83,45,45,52,9,43,44,53,19,23,23,52,53,52,52,44,52,4,3,4,3,4,3,4,4,4,4,3
26,29,2,1,1,3450,1,Cap,1,1,NA,NA,NA,NA,NA,1,1,1,1,1,42,40,74,69,72,78,84,79,83,50,50,50,50,50,50,50,50,50,3,5,3,4,4,3,4,4,3,4,4
27,67,1,1,1,8032,1,CAP,1,1,1,1,1,1,1,NA,NA,NA,NA,NA,100,98,72,100,82,0,2,2,0,92,84,73,100,100,100,100,8,3,4,1,2,1,1,6,4,5,4,4,3
28,21,2,1,1,6997,1,Cap,1,1,1,1,1,1,1,NA,NA,NA,NA,NA,70,42,73,82,74,74,75,75,73,71,37,73,75,71,70,70,39,73,5,3,2,4,2,5,4,2,5,3,1
29,40,2,1,1,4408,1,Cap,1,1,1,1,1,1,1,NA,NA,NA,NA,NA,100,100,72,49,50,0,0,0,0,0,0,0,86,89,88,19,21,0,3,2,4,4,2,5,3,3,2,3,4
30,65,2,1,1,7064,1,CAP,1,1,1,0,1,1,1,NA,NA,NA,NA,NA,62,69,63,49,48,25,23,18,38,62,60,63,59,56,49,56,45,37,3,2,2,2,2,4,3,3,3,2,3
31,24,2,1,1,8626,1,CAP,1,0,1,0,1,1,0,NA,NA,NA,NA,NA,88,88,87,83,89,91,77,24,66,83,89,87,82,89,86,85,86,84,3,3,2,2,3,2,1,2,3,2,1
32,30,2,1,1,3220,1,CAP,1,0,NA,NA,NA,NA,NA,1,1,1,1,1,92,88,83,73,59,34,33,37,34,86,88,65,52,53,37,34,43,45,4,4,5,6,4,4,4,4,4,4,4
33,37,2,4,1,7063,1,Cap,1,1,NA,NA,NA,NA,NA,1,1,1,1,1,52,48,52,35,52,52,52,72,52,52,51,52,52,53,44,92,71,71,3,3,3,1,4,4,4,5,4,2,5
18,44,1,1,1,3137,1,CAP,1,1,NA,NA,NA,NA,NA,1,1,0,0,0,100,100,100,100,100,100,100,100,100,100,100,100,93,85,81,99,99,72,6,5,5,5,5,6,6,5,6,5,5
34,42,1,1,1,5863,1,CAP,1,0,1,0,0,1,0,NA,NA,NA,NA,NA,76,66,77,68,68,68,66,68,70,70,69,71,74,68,83,69,68,67,4,5,4,4,5,5,4,4,4,5,4
35,53,2,1,1,1753,1,CAP,1,1,1,1,1,1,1,NA,NA,NA,NA,NA,80,90,90,61,60,0,30,20,10,10,60,50,100,100,100,40,0,0,4,1,5,3,1,4,2,2,3,4,3
36,20,2,1,1,7117,1,CAP,1,1,NA,NA,NA,NA,NA,1,1,1,1,1,41,66,62,62,42,31,35,37,14,41,42,60,59,58,62,43,47,32,2,3,3,1,3,2,4,4,4,4,4
37,68,1,1,1,4651,1,CAP,1,1,1,1,1,1,1,NA,NA,NA,NA,NA,55,75,70,60,80,10,30,10,20,55,75,45,90,65,30,80,15,10,4,5,6,4,4,4,2,3,2,3,2
38,24,2,1,1,5521,1,Cap,1,1,1,1,1,1,0,NA,NA,NA,NA,NA,94,100,75,80,52,2,0,0,3,32,69,33,100,99,100,50,55,36,6,6,6,6,6,6,6,6,6,6,6
39,77,1,1,1,4545,1,CAP,1,1,1,1,1,1,1,NA,NA,NA,NA,NA,66,74,73,62,41,24,65,25,24,44,76,31,72,71,72,79,33,20,4,4,3,3,3,1,3,2,1,1,1
40,68,2,1,1,9051,1,CAP,1,1,NA,NA,NA,NA,NA,1,1,1,1,1,98,100,99,85,97,0,0,0,35,100,23,5,83,89,89,0,0,0,2,5,4,5,3,1,3,6,4,1,3
41,41,1,1,1,4522,1,CAP,1,1,1,1,1,1,1,NA,NA,NA,NA,NA,80,100,96,100,93,100,100,100,100,100,97,97,100,100,100,90,100,50,4,5,5,6,6,6,6,6,6,6,6
36,20,2,1,1,5462,1,CAP,1,0,1,1,1,0,1,NA,NA,NA,NA,NA,60,70,72,67,67,27,49,36,57,42,37,35,65,62,58,60,61,62,1,1,2,2,2,4,4,4,4,4,3
42,36,1,1,1,8003,1,CAP,1,1,NA,NA,NA,NA,NA,1,1,0,0,0,90,94,86,82,89,84,92,90,85,83,95,87,82,94,83,83,82,79,6,5,5,5,6,5,6,6,6,4,6
43,44,1,1,1,1247,1,CAP,1,1,1,0,0,0,0,NA,NA,NA,NA,NA,85,100,80,88,100,86,85,78,93,79,76,97,91,87,85,78,92,82,1,2,1,2,1,NA,1,2,1,2,1
44,83,2,1,1,4816,1,CAP,1,1,NA,NA,NA,NA,NA,1,1,1,1,1,60,64,38,41,62,25,30,27,27,29,91,21,81,76,33,27,28,31,4,2,5,4,1,2,3,2,2,1,3
45,52,2,1,1,7187,1,CAP,1,1,NA,NA,NA,NA,NA,1,1,1,1,1,64,63,66,33,54,29,31,25,30,42,100,99,99,100,100,98,96,100,1,5,6,3,2,4,3,2,2,2,2
46,53,2,1,1,1834,1,CAP,1,1,1,1,1,1,1,NA,NA,NA,NA,NA,81,100,51,89,51,0,1,0,0,64,81,54,83,83,95,56,12,7,2,1,4,2,4,3,3,4,3,3,4
47,20,2,1,1,5399,1,CAP,1,1,1,1,1,1,1,NA,NA,NA,NA,NA,79,69,31,24,20,60,63,45,34,97,100,86,58,32,0,62,38,73,6,5,5,6,5,5,6,4,6,5,6
34,42,1,1,1,8049,1,CAP,1,1,1,1,1,1,1,NA,NA,NA,NA,NA,71,72,72,69,73,71,75,68,69,72,71,69,74,70,80,73,73,77,5,4,4,4,4,5,4,4,4,5,4
48,70,2,1,1,8336,1,CAP,1,1,1,1,1,1,1,NA,NA,NA,NA,NA,92,97,93,80,75,5,18,21,13,27,28,18,96,95,75,28,22,7,4,4,4,4,4,4,5,5,5,5,4
49,30,2,1,1,8408,1,Cap,1,1,1,1,1,1,1,NA,NA,NA,NA,NA,52,62,52,52,52,0,39,52,52,52,52,52,73,54,82,71,52,71,1,3,1,1,4,1,1,1,1,1,1
50,68,2,1,1,2071,1,CAP,1,1,1,1,1,1,1,NA,NA,NA,NA,NA,100,100,100,100,51,0,0,0,0,82,100,73,100,100,75,50,18,15,3,2,3,3,2,5,4,5,4,3,4
42,36,1,1,1,2531,1,CAP,1,1,1,0,0,0,0,NA,NA,NA,NA,NA,100,100,100,100,100,100,100,100,100,99,99,100,100,100,100,99,99,99,6,5,6,6,5,6,5,6,6,5,6
51,43,2,1,1,6037,1,CAP,1,1,1,1,1,1,1,NA,NA,NA,NA,NA,81,72,81,83,92,84,70,72,69,65,71,63,62,80,68,82,73,66,1,4,4,5,5,5,6,4,4,6,5
41,41,1,1,1,2065,1,CAP,1,0,1,1,1,1,1,NA,NA,NA,NA,NA,96,92,100,91,92,100,100,100,100,96,100,100,69,83,95,89,93,95,5,5,5,6,6,5,5,5,4,5,5
52,31,2,2,1,3197,1,Cap,1,1,NA,NA,NA,NA,NA,1,1,1,1,1,67,66,53,60,66,66,65,67,63,64,60,73,67,65,65,57,66,75,5,4,4,5,4,3,4,5,4,4,4
53,23,2,1,1,9639,1,CAP,1,1,NA,NA,NA,NA,NA,1,1,1,1,1,61,77,59,57,35,36,76,32,33,52,72,20,69,58,29,59,52,52,2,1,1,1,1,1,1,1,1,1,1
54,40,1,1,1,7642,1,CAP,1,1,1,1,1,1,1,NA,NA,NA,NA,NA,26,56,26,36,20,0,25,18,36,37,78,37,39,77,29,74,69,44,6,5,4,3,4,6,6,5,4,5,5
55,57,2,1,1,6432,1,CAP,1,1,NA,NA,NA,NA,NA,1,1,1,1,1,87,93,95,80,70,0,0,0,0,80,88,61,99,100,86,60,20,3,1,4,5,3,3,2,2,2,4,2,4
56,72,2,1,1,5976,1,cap,1,1,1,1,1,1,1,NA,NA,NA,NA,NA,74,74,70,81,78,9,10,8,12,29,83,29,95,95,51,29,10,19,4,4,5,5,3,3,3,3,2,2,3
57,45,2,15,2,9291,1,CAP,1,1,1,1,1,1,1,NA,NA,NA,NA,NA,54,54,47,53,23,52,54,53,53,73,77,71,77,79,85,71,55,67,4,4,4,4,4,2,4,4,3,4,3
58,61,2,1,1,4905,1,CAP,1,1,1,1,1,1,1,NA,NA,NA,NA,NA,100,100,100,100,100,0,0,0,0,100,100,75,100,100,50,0,0,4,3,4,5,5,3,4,5,4,5,2,3
59,37,2,2,1,3066,1,CAP,1,1,1,1,1,1,1,NA,NA,NA,NA,NA,26,30,64,27,50,20,35,27,40,79,91,76,59,57,39,82,74,66,3,1,4,3,1,1,3,1,2,2,2
60,71,1,1,1,3927,1,CAP,1,1,1,1,1,1,1,NA,NA,NA,NA,NA,74,84,68,59,72,10,20,26,45,89,94,81,75,72,62,79,85,92,1,1,2,1,2,1,3,4,3,2,1
43,44,1,1,1,8453,1,CAP,1,1,1,0,0,0,0,NA,NA,NA,NA,NA,100,96,84,94,84,92,85,100,83,98,73,77,83,86,86,86,91,98,1,2,1,3,1,1,2,1,2,2,1
61,33,1,1,1,9686,1,CAP,1,1,NA,NA,NA,NA,NA,1,1,1,1,1,70,85,96,80,61,30,61,70,45,40,0,40,80,76,90,30,35,0,6,5,5,6,5,6,5,3,4,3,5
62,75,2,1,1,2487,1,Cap,1,1,NA,NA,NA,NA,NA,1,1,1,1,1,62,67,60,72,62,12,11,14,14,43,84,67,80,82,84,12,13,7,4,4,4,2,3,5,5,5,5,5,5
63,57,1,1,15,7837,1,CAP,1,0,1,1,1,0,0,NA,NA,NA,NA,NA,0,0,93,96,81,100,0,0,100,99,99,99,100,99,85,85,73,99,5,5,5,5,5,4,4,4,4,4,4
64,30,1,1,1,3767,1,CAP,1,1,1,1,1,1,1,NA,NA,NA,NA,NA,28,47,36,64,44,76,56,71,61,61,49,70,57,50,60,66,53,65,5,4,6,4,3,5,4,4,2,4,3
65,78,2,1,1,5870,1,CAP,1,1,NA,NA,NA,NA,NA,1,1,1,1,1,86,84,85,82,83,8,8,5,10,78,83,71,89,84,85,81,44,67,4,4,4,3,3,4,4,3,3,4,5
66,20,2,1,15,9080,1,Cap,2,NA,NA,NA,NA,NA,NA,NA,NA,NA,NA,NA,NA,NA,NA,NA,NA,NA,NA,NA,NA,NA,NA,NA,NA,NA,NA,NA,NA,NA,NA,NA,NA,NA,NA,NA,NA,NA,NA,NA,NA
67,19,1,16,1,5776,1,Cap,2,NA,NA,NA,NA,NA,NA,NA,NA,NA,NA,NA,NA,NA,NA,NA,NA,NA,NA,NA,NA,NA,NA,NA,NA,NA,NA,NA,NA,NA,NA,NA,NA,NA,NA,NA,NA,NA,NA,NA,NA
51,43,2,1,1,6109,1,CAP,1,1,NA,NA,NA,NA,NA,1,1,1,1,1,76,66,77,86,79,82,64,73,60,81,73,67,80,89,72,44,84,84,6,5,6,5,6,6,4,5,5,3,5
68,19,2,1,1,4682,1,Cap,2,NA,NA,NA,NA,NA,NA,NA,NA,NA,NA,NA,NA,NA,NA,NA,NA,NA,NA,NA,NA,NA,NA,NA,NA,NA,NA,NA,NA,NA,NA,NA,NA,NA,NA,NA,NA,NA,NA,NA,NA
69,21,2,1,1,4030,1,Cap,2,NA,NA,NA,NA,NA,NA,NA,NA,NA,NA,NA,NA,NA,NA,NA,NA,NA,NA,NA,NA,NA,NA,NA,NA,NA,NA,NA,NA,NA,NA,NA,NA,NA,NA,NA,NA,NA,NA,NA,NA
70,19,2,1,2,3735,1,Cap,2,NA,NA,NA,NA,NA,NA,NA,NA,NA,NA,NA,NA,NA,NA,NA,NA,NA,NA,NA,NA,NA,NA,NA,NA,NA,NA,NA,NA,NA,NA,NA,NA,NA,NA,NA,NA,NA,NA,NA,NA
71,18,2,2,2,2041,1,cap,2,NA,NA,NA,NA,NA,NA,NA,NA,NA,NA,NA,NA,NA,NA,NA,NA,NA,NA,NA,NA,NA,NA,NA,NA,NA,NA,NA,NA,NA,NA,NA,NA,NA,NA,NA,NA,NA,NA,NA,NA
72,22,1,15,2,4662,1,cap,2,NA,NA,NA,NA,NA,NA,NA,NA,NA,NA,NA,NA,NA,NA,NA,NA,NA,NA,NA,NA,NA,NA,NA,NA,NA,NA,NA,NA,NA,NA,NA,NA,NA,NA,NA,NA,NA,NA,NA,NA
73,20,2,15,2,5160,1,Cap,2,NA,NA,NA,NA,NA,NA,NA,NA,NA,NA,NA,NA,NA,NA,NA,NA,NA,NA,NA,NA,NA,NA,NA,NA,NA,NA,NA,NA,NA,NA,NA,NA,NA,NA,NA,NA,NA,NA,NA,NA
61,33,1,1,1,6051,1,CAP,1,1,1,0,1,1,1,NA,NA,NA,NA,NA,83,89,89,79,89,89,89,89,91,91,86,89,88,87,88,38,35,0,6,5,5,6,5,5,5,5,6,5,5
64,30,1,1,1,6025,1,CAP,1,1,NA,NA,NA,NA,NA,1,0,1,1,1,64,59,64,67,58,69,61,76,66,67,84,72,59,63,69,64,61,65,1,1,1,1,1,1,1,1,6,4,5
74,19,1,2,1,3525,1,Cap,1,1,NA,NA,NA,NA,NA,1,0,0,0,0,100,100,100,100,100,100,100,100,100,100,100,100,100,100,100,100,100,100,1,2,1,3,5,1,3,3,2,2,2
75,61,1,1,1,9489,1,Cap,2,NA,NA,NA,NA,NA,NA,NA,NA,NA,NA,NA,NA,NA,NA,NA,NA,NA,NA,NA,NA,NA,NA,NA,NA,NA,NA,NA,NA,NA,NA,NA,NA,NA,NA,NA,NA,NA,NA,NA,NA
76,25,1,1,1,6157,1,Cap,2,NA,NA,NA,NA,NA,NA,NA,NA,NA,NA,NA,NA,NA,NA,NA,NA,NA,NA,NA,NA,NA,NA,NA,NA,NA,NA,NA,NA,NA,NA,NA,NA,NA,NA,NA,NA,NA,NA,NA,NA
68,19,2,1,1,5077,1,Cap,1,1,NA,NA,NA,NA,NA,1,1,1,1,1,33,12,11,76,81,100,91,29,18,100,100,36,86,28,79,24,77,36,3,5,5,1,2,1,3,4,3,1,1
77,33,2,1,1,6637,1,CAP,1,1,NA,NA,NA,NA,NA,1,1,1,0,1,75,55,74,67,85,82,89,86,74,75,72,85,84,75,78,82,76,90,5,6,5,5,6,6,5,5,6,5,6
78,22,1,1,2,6089,1,Cap,2,NA,NA,NA,NA,NA,NA,NA,NA,NA,NA,NA,NA,NA,NA,NA,NA,NA,NA,NA,NA,NA,NA,NA,NA,NA,NA,NA,NA,NA,NA,NA,NA,NA,NA,NA,NA,NA,NA,NA,NA
79,25,1,1,1,2999,1,Cap,1,0,1,0,0,1,NA,NA,NA,NA,NA,NA,100,100,100,100,100,0,0,0,0,0,0,42,100,100,100,100,100,100,1,1,1,2,1,1,1,2,4,5,1
80,24,2,2,1,4462,1,CAP,1,1,1,1,1,0,1,NA,NA,NA,NA,NA,51,62,50,60,53,63,52,54,60,49,52,57,56,56,54,56,54,52,3,4,3,4,4,4,3,2,4,4,3
81,19,2,1,1,9877,1,CAP,1,1,NA,NA,NA,NA,NA,1,1,1,0,1,55,60,58,56,38,87,63,64,69,56,64,58,67,75,62,61,74,59,4,4,4,4,4,4,4,4,4,4,4
82,20,2,2,2,3157,1,I,2,NA,NA,NA,NA,NA,NA,NA,NA,NA,NA,NA,NA,NA,NA,NA,NA,NA,NA,NA,NA,NA,NA,NA,NA,NA,NA,NA,NA,NA,NA,NA,NA,NA,NA,NA,NA,NA,NA,NA,NA
83,21,2,2,1,7052,1,CAP,1,1,NA,NA,NA,NA,NA,1,1,1,1,1,81,70,64,66,66,72,63,40,43,42,63,45,64,36,41,44,66,44,1,2,3,1,2,2,2,4,1,2,2
84,19,2,2,2,6114,1,Lldldkdkrkfjgjt,1,1,1,0,1,0,1,NA,NA,NA,NA,NA,33,31,87,0,95,51,66,100,100,14,94,33,26,65,14,100,8,82,1,4,1,5,1,5,5,3,4,5,1
85,18,1,14,2,6400,1,Dlel,2,NA,NA,NA,NA,NA,NA,NA,NA,NA,NA,NA,NA,NA,NA,NA,NA,NA,NA,NA,NA,NA,NA,NA,NA,NA,NA,NA,NA,NA,NA,NA,NA,NA,NA,NA,NA,NA,NA,NA,NA
86,58,2,1,1,4582,1,CAP,1,1,1,1,1,1,1,NA,NA,NA,NA,NA,99,100,93,94,39,1,3,2,1,88,84,79,100,100,100,0,0,20,4,1,4,4,1,5,6,6,5,6,6
87,24,2,1,1,5960,1,CAP,1,1,1,1,1,0,1,NA,NA,NA,NA,NA,18,39,39,57,6,35,40,15,42,38,71,61,85,71,75,77,35,18,4,6,3,3,4,5,5,6,4,1,1
88,63,1,1,1,2882,1,CAP,2,NA,NA,NA,NA,NA,NA,NA,NA,NA,NA,NA,NA,NA,NA,NA,NA,NA,NA,NA,NA,NA,NA,NA,NA,NA,NA,NA,NA,NA,NA,NA,NA,NA,NA,NA,NA,NA,NA,NA,NA
89,52,2,1,1,6002,1,CAP,1,1,NA,NA,NA,NA,NA,1,1,1,1,1,51,51,51,51,51,51,51,51,52,100,100,79,100,100,100,0,0,1,6,6,6,6,6,1,4,4,3,3,2
90,20,2,3,1,5068,1,CAP,1,1,NA,NA,NA,NA,NA,1,1,1,1,1,73,14,39,39,30,64,35,41,62,23,33,36,41,70,39,43,33,67,2,5,5,4,3,4,4,5,3,5,3
67,19,1,16,1,1596,1,Cap,1,1,NA,NA,NA,NA,NA,1,1,1,0,1,100,100,21,100,59,100,63,68,22,58,100,64,100,100,100,68,39,9,4,3,4,3,3,2,2,4,4,6,6
91,20,1,1,2,1908,1,CAP,1,1,NA,NA,NA,NA,NA,1,1,1,1,1,74,25,52,64,48,64,64,35,67,66,40,41,64,68,34,67,69,39,2,5,3,1,4,2,4,1,4,6,3
80,24,2,2,1,1813,1,CAP,1,1,1,1,1,0,1,NA,NA,NA,NA,NA,67,60,69,65,60,64,66,63,68,62,61,60,60,54,60,61,62,62,4,4,5,3,4,2,4,4,4,4,5
92,22,1,1,1,2795,1,Cap,1,1,NA,NA,NA,NA,NA,1,1,0,0,0,96,97,100,87,86,89,88,88,94,95,93,94,86,93,86,78,85,83,6,6,6,6,6,6,6,6,6,6,6
93,18,2,16,2,6362,1,Cap,1,0,NA,NA,NA,NA,NA,1,1,1,1,1,69,70,63,61,62,32,40,42,40,36,56,56,59,39,67,56,64,78,1,3,2,3,3,2,3,2,3,5,5
94,27,1,1,1,5427,1,CAP,1,0,1,0,0,1,0,NA,NA,NA,NA,NA,68,78,72,76,67,78,68,71,73,64,74,75,71,61,80,66,87,74,4,4,5,4,4,3,4,4,5,4,4
83,21,2,2,1,2810,1,CAP,1,0,1,1,1,1,1,NA,NA,NA,NA,NA,74,69,57,71,67,34,38,41,45,70,68,69,40,62,33,37,37,64,1,3,3,2,1,1,3,3,3,1,1
51,43,2,1,1,8677,1,caps,1,1,1,1,1,1,1,NA,NA,NA,NA,NA,82,82,75,88,78,85,82,88,79,83,74,82,84,90,86,81,74,80,5,6,6,4,6,6,5,6,5,6,6
95,27,2,1,1,7485,1,Jxjxudjdjdid,1,0,NA,NA,NA,NA,NA,1,0,1,0,0,40,34,32,75,70,69,32,31,67,25,77,32,72,75,73,35,34,74,3,3,4,5,5,3,4,4,5,4,4
96,22,1,2,2,2741,1,cap,1,1,1,1,0,1,0,NA,NA,NA,NA,NA,26,78,82,33,79,63,34,66,75,73,33,71,67,37,74,73,24,73,2,4,2,4,3,2,5,4,4,2,5
97,21,1,1,1,9114,1,Cap,1,1,NA,NA,NA,NA,NA,1,1,1,1,1,95,78,64,90,74,86,65,57,88,68,66,76,100,85,87,75,58,59,4,4,4,5,6,1,4,3,3,2,1
98,21,1,2,1,1641,1,CAP,1,1,1,1,0,0,1,NA,NA,NA,NA,NA,90,71,72,35,22,87,36,69,6,99,25,75,95,29,87,91,21,75,1,5,5,5,5,1,1,1,1,2,3
99,19,1,2,1,2663,1,CAP,1,1,NA,NA,NA,NA,NA,1,1,1,1,0,66,81,79,64,66,30,23,24,21,68,64,32,70,33,77,77,36,77,2,4,4,5,2,2,4,4,3,5,6
100,36,1,1,2,6739,1,Cjd,1,1,1,0,1,1,0,NA,NA,NA,NA,NA,95,37,17,73,52,68,41,69,96,67,59,88,30,71,0,71,32,74,2,3,5,5,4,1,6,5,4,4,3
101,19,1,2,1,6637,1,Cap,1,1,1,1,0,0,0,NA,NA,NA,NA,NA,100,80,75,90,72,100,83,100,97,89,86,87,86,85,86,83,80,69,2,3,2,2,3,2,3,2,2,2,2
102,42,1,1,1,5922,1,CAP,1,1,NA,NA,NA,NA,NA,1,1,0,0,0,58,43,62,62,61,51,47,65,57,55,47,56,46,55,60,53,54,53,6,5,6,1,2,5,6,5,1,2,2
103,19,2,2,1,1571,1,CAP,1,1,NA,NA,NA,NA,NA,1,1,1,1,1,86,86,65,31,55,86,69,26,26,79,100,97,26,33,44,61,36,35,4,4,4,6,6,4,1,1,1,2,2
104,20,1,2,1,6531,1,CAP,2,NA,NA,NA,NA,NA,NA,NA,NA,NA,NA,NA,NA,NA,NA,NA,NA,NA,NA,NA,NA,NA,NA,NA,NA,NA,NA,NA,NA,NA,NA,NA,NA,NA,NA,NA,NA,NA,NA,NA,NA
105,19,1,2,2,2557,1,19,1,0,1,1,0,0,1,NA,NA,NA,NA,NA,32,17,64,72,64,35,37,78,65,65,38,57,62,68,40,62,44,73,1,3,5,5,5,1,2,4,5,5,4
106,20,1,1,3,7969,1,CAP,1,1,NA,NA,NA,NA,NA,1,1,1,1,1,80,81,70,51,60,40,71,41,71,40,60,51,90,65,52,71,30,10,6,3,4,4,1,5,6,6,4,5,5
107,50,2,1,1,5770,1,CAP,1,0,1,1,1,1,1,NA,NA,NA,NA,NA,75,71,64,73,72,18,0,11,0,85,95,100,53,68,63,53,53,53,4,4,4,4,4,3,3,3,3,3,4
108,40,2,1,1,8378,1,CAP,1,0,1,1,1,1,1,NA,NA,NA,NA,NA,69,71,35,52,67,42,74,35,66,93,23,73,71,27,77,63,39,22,5,5,3,4,4,3,4,2,4,4,3
109,20,1,1,1,1873,1,Cap,1,1,NA,NA,NA,NA,NA,1,1,1,1,1,94,75,83,60,50,19,18,17,85,32,76,58,75,76,85,40,25,60,5,4,5,6,4,4,4,3,2,1,2
110,18,2,2,1,5188,1,Heleo,1,0,NA,NA,NA,NA,NA,1,0,1,1,0,NA,NA,NA,78,NA,82,71,94,78,73,76,93,34,65,70,74,74,70,2,2,4,4,3,4,2,2,3,5,5
111,24,1,3,1,9102,1,Cap,2,NA,NA,NA,NA,NA,NA,NA,NA,NA,NA,NA,NA,NA,NA,NA,NA,NA,NA,NA,NA,NA,NA,NA,NA,NA,NA,NA,NA,NA,NA,NA,NA,NA,NA,NA,NA,NA,NA,NA,NA
112,20,1,2,2,9483,1,No,2,NA,NA,NA,NA,NA,NA,NA,NA,NA,NA,NA,NA,NA,NA,NA,NA,NA,NA,NA,NA,NA,NA,NA,NA,NA,NA,NA,NA,NA,NA,NA,NA,NA,NA,NA,NA,NA,NA,NA,NA
113,24,1,3,1,3464,1,CAP,1,0,1,1,1,0,1,NA,NA,NA,NA,NA,0,0,0,0,0,0,0,0,0,0,0,0,0,0,0,0,0,0,2,3,4,2,2,6,6,5,4,4,3
114,18,1,1,2,7037,1,Cap,1,1,NA,NA,NA,NA,NA,1,0,0,0,0,68,79,69,60,73,61,28,69,52,23,22,77,62,66,67,61,62,62,1,3,3,3,4,2,2,2,2,3,2
115,54,1,1,1,7223,1,CAP,1,1,NA,NA,NA,NA,NA,1,1,0,1,1,100,100,30,100,70,0,0,0,0,40,70,60,100,100,30,0,0,0,4,1,6,5,4,6,6,6,4,5,6
116,28,2,1,2,5275,1,CAP,1,1,NA,NA,NA,NA,NA,1,1,1,0,1,15,31,20,6,13,36,33,34,31,26,63,52,52,52,52,70,66,59,1,1,1,1,1,1,1,1,1,1,1
117,18,1,1,2,1157,1,Cap,1,1,NA,NA,NA,NA,NA,1,1,1,1,1,58,42,45,47,66,59,41,61,44,56,44,60,56,45,54,60,41,54,2,3,3,2,4,NA,NA,NA,NA,NA,NA
114,18,1,1,2,5316,1,Cap,2,NA,NA,NA,NA,NA,NA,NA,NA,NA,NA,NA,NA,NA,NA,NA,NA,NA,NA,NA,NA,NA,NA,NA,NA,NA,NA,NA,NA,NA,NA,NA,NA,NA,NA,NA,NA,NA,NA,NA,NA
118,40,1,15,2,6142,1,CAP,2,NA,NA,NA,NA,NA,NA,NA,NA,NA,NA,NA,NA,NA,NA,NA,NA,NA,NA,NA,NA,NA,NA,NA,NA,NA,NA,NA,NA,NA,NA,NA,NA,NA,NA,NA,NA,NA,NA,NA,NA
119,46,1,1,1,3695,1,CAP,1,1,NA,NA,NA,NA,NA,1,1,1,1,1,72,74,67,54,71,8,38,21,41,56,63,6,57,59,64,61,62,52,3,1,4,1,1,3,3,3,4,4,4
120,54,2,1,1,9224,1,CAP,1,1,1,1,1,1,1,NA,NA,NA,NA,NA,59,71,37,40,47,29,69,39,28,57,80,49,80,81,40,25,27,25,5,3,5,2,4,5,3,3,5,4,4
121,54,2,1,1,9622,1,CAP,1,1,NA,NA,NA,NA,NA,1,1,1,1,1,80,70,71,79,80,12,11,10,13,75,89,73,75,75,65,66,66,52,2,4,5,4,4,3,3,3,3,3,3
122,21,1,4,15,7595,1,Cap,1,1,1,1,1,1,1,NA,NA,NA,NA,NA,89,68,NA,68,NA,22,38,41,87,72,94,73,100,88,33,0,0,0,6,3,2,1,1,2,1,1,2,1,2
123,39,1,1,14,8896,1,CAP,1,1,NA,NA,NA,NA,NA,1,1,1,0,1,73,29,77,75,74,79,87,93,82,72,74,72,63,41,63,67,76,65,5,4,5,5,5,5,4,4,5,4,5
124,25,1,1,2,1219,1,cap,1,1,1,0,0,0,0,NA,NA,NA,NA,NA,79,84,72,60,87,75,60,70,70,64,67,71,75,69,79,63,70,75,4,5,6,6,5,5,5,6,6,5,4
51,43,2,1,1,8541,1,CAP,1,1,1,1,1,1,1,NA,NA,NA,NA,NA,29,28,68,79,43,84,73,68,85,31,72,33,75,79,68,75,80,67,6,6,5,6,6,5,6,6,6,3,6
125,47,1,1,1,9389,1,CAP,1,1,NA,NA,NA,NA,NA,1,1,0,1,0,87,79,98,96,100,100,95,76,89,84,91,81,93,78,73,74,82,93,6,5,5,5,5,5,5,4,5,4,5
126,50,2,1,1,5775,1,CAP,1,0,1,1,1,1,1,NA,NA,NA,NA,NA,50,85,79,52,15,0,0,0,0,100,100,33,100,100,100,26,22,0,4,4,5,1,5,6,6,6,5,1,6
127,35,2,1,1,4397,1,Cap,1,1,1,1,1,1,1,NA,NA,NA,NA,NA,41,78,39,24,52,26,27,25,26,36,35,35,88,90,66,35,40,30,3,3,4,3,3,3,3,4,4,4,5
128,51,2,1,1,1577,1,CAP,2,NA,NA,NA,NA,NA,NA,NA,NA,NA,NA,NA,NA,NA,NA,NA,NA,NA,NA,NA,NA,NA,NA,NA,NA,NA,NA,NA,NA,NA,NA,NA,NA,NA,NA,NA,NA,NA,NA,NA,NA
129,67,1,1,1,2664,1,CAP,1,1,NA,NA,NA,NA,NA,1,1,1,1,1,83,85,51,51,60,10,30,15,11,82,81,56,76,79,92,61,25,15,6,2,5,6,2,5,3,2,2,2,2
130,20,1,2,1,2740,1, CAP,1,0,NA,NA,NA,NA,NA,1,1,1,0,0,85,63,71,83,94,79,80,37,76,73,68,42,78,93,75,83,76,72,3,3,3,4,2,1,2,2,4,4,3
131,23,1,16,1,4266,1,CAP,1,1,1,1,1,1,1,NA,NA,NA,NA,NA,62,93,69,63,62,40,43,41,44,84,94,89,62,67,60,64,65,64,4,4,4,3,4,4,5,5,4,5,4
132,19,1,15,2,9345,1,Yes,1,1,1,1,0,1,0,NA,NA,NA,NA,NA,25,38,85,85,75,72,74,76,80,84,26,27,93,84,84,85,78,77,3,2,2,1,2,3,1,5,4,3,3
133,39,1,1,1,3603,1,Cap,1,1,1,1,1,1,1,NA,NA,NA,NA,NA,81,100,91,85,86,0,0,0,3,83,100,73,100,100,100,0,0,0,2,4,5,5,2,2,2,5,3,5,2
134,67,1,1,1,9079,1,CAP,1,1,1,1,1,1,1,NA,NA,NA,NA,NA,60,30,50,60,50,10,20,20,17,60,90,55,40,40,50,60,60,50,4,3,4,2,4,4,2,3,3,3,2
135,19,1,16,1,2310,1,Cap,1,1,NA,NA,NA,NA,NA,1,0,0,0,1,18,0,100,85,70,0,0,0,0,0,0,1,20,99,100,78,9,88,6,6,6,4,1,3,2,2,4,2,4
136,66,2,1,1,4347,1,cap,2,NA,NA,NA,NA,NA,NA,NA,NA,NA,NA,NA,NA,NA,NA,NA,NA,NA,NA,NA,NA,NA,NA,NA,NA,NA,NA,NA,NA,NA,NA,NA,NA,NA,NA,NA,NA,NA,NA,NA,NA
137,27,2,1,1,4012,1,CAP,1,0,NA,NA,NA,NA,NA,1,1,1,0,1,78,38,39,75,68,61,57,35,71,62,65,75,70,53,68,77,71,65,3,6,3,3,1,1,1,1,1,1,1
138,51,2,1,1,7884,1,CAP,1,1,1,1,1,1,1,NA,NA,NA,NA,NA,94,100,91,0,0,0,0,0,0,0,0,100,100,100,100,100,100,100,3,6,6,1,6,6,6,5,3,6,6
139,47,2,1,1,6593,1,CAP,1,1,1,1,1,1,1,NA,NA,NA,NA,NA,76,72,69,78,75,85,79,76,83,70,77,79,34,31,35,74,78,82,3,3,4,4,4,4,4,4,4,4,4
140,50,1,16,4,5442,1,CAP,1,1,1,1,1,1,1,NA,NA,NA,NA,NA,100,100,60,79,80,0,0,0,0,33,33,32,100,100,75,52,53,52,6,4,6,6,6,1,2,2,1,1,1
141,58,2,1,1,9724,1,Cap,1,1,NA,NA,NA,NA,NA,1,1,1,1,0,66,80,70,88,84,85,79,74,75,77,78,86,78,81,88,78,79,79,6,5,5,5,5,6,4,4,5,4,4
132,19,1,15,2,8525,1,CAP,1,1,NA,NA,NA,NA,NA,1,0,1,0,0,86,85,85,92,86,87,85,79,83,84,78,80,88,78,82,85,77,76,2,5,2,1,2,4,4,3,4,3,1
142,43,1,1,1,3905,1,Cap,1,1,1,1,1,1,1,NA,NA,NA,NA,NA,75,78,79,79,78,19,26,19,22,68,67,22,97,83,67,22,12,0,5,4,2,2,3,4,3,2,1,1,3
143,38,2,1,1,5182,1,CAP,1,1,NA,NA,NA,NA,NA,1,1,1,1,1,25,22,77,83,24,34,32,32,69,59,82,68,60,64,58,63,67,40,4,6,6,6,5,4,1,2,4,2,4
51,43,2,1,1,8585,1,CAP,1,1,NA,NA,NA,NA,NA,1,1,1,1,1,79,84,73,88,81,80,73,79,87,76,71,88,78,67,90,82,76,87,6,5,6,5,6,5,3,5,6,6,6
144,51,2,1,1,5797,1,CAP,1,1,NA,NA,NA,NA,NA,1,1,1,1,1,90,100,92,90,91,7,7,6,8,90,88,NA,100,99,71,100,81,27,6,3,6,6,3,1,1,1,1,1,1
145,38,2,16,1,7941,1,CAP,1,1,1,1,1,1,1,NA,NA,NA,NA,NA,81,65,95,99,96,6,100,8,2,68,75,39,38,34,55,26,34,41,6,5,6,5,5,1,1,1,1,1,1
146,20,1,3,2,6234,1,CAP,2,NA,NA,NA,NA,NA,NA,NA,NA,NA,NA,NA,NA,NA,NA,NA,NA,NA,NA,NA,NA,NA,NA,NA,NA,NA,NA,NA,NA,NA,NA,NA,NA,NA,NA,NA,NA,NA,NA,NA,NA
147,20,1,3,1,2120,1,Cap,1,0,1,1,1,0,0,NA,NA,NA,NA,NA,99,100,100,81,94,100,71,60,74,77,100,83,97,79,96,79,76,34,3,2,2,1,1,4,3,2,2,2,4
51,43,2,1,1,1242,1,Cap,1,1,1,1,1,1,1,NA,NA,NA,NA,NA,84,80,80,86,67,89,65,90,85,82,69,86,78,75,71,87,73,86,5,6,6,5,5,4,6,5,4,5,5
148,62,2,1,1,6269,1,CAP,1,1,NA,NA,NA,NA,NA,1,1,1,1,0,58,84,80,44,25,63,63,67,63,77,90,66,92,92,93,90,14,12,5,4,5,5,5,1,2,2,1,1,1
149,54,2,1,1,3803,1,Cap,1,1,NA,NA,NA,NA,NA,1,1,1,0,1,70,77,50,20,30,10,30,20,30,10,50,15,60,60,51,30,50,50,3,3,4,4,4,2,2,3,4,2,5
150,40,2,1,1,2641,1,CAP,1,0,1,0,1,0,0,NA,NA,NA,NA,NA,88,72,72,79,73,6,66,15,59,77,70,71,40,37,37,78,71,72,4,4,3,6,6,4,4,3,4,4,4
151,49,1,1,1,1516,1,Cap,1,1,NA,NA,NA,NA,NA,1,1,1,1,1,68,71,73,52,54,NA,NA,NA,NA,52,57,49,61,62,61,52,52,43,2,4,5,4,3,2,3,3,2,2,3
152,27,2,1,1,2011,1,CAP,1,1,NA,NA,NA,NA,NA,1,1,1,1,1,83,57,76,79,60,29,53,33,23,17,60,30,26,36,7,81,63,83,4,2,4,4,2,1,2,4,2,1,1
153,57,1,1,1,2049,1,CAP,1,0,1,1,1,1,1,NA,NA,NA,NA,NA,43,58,63,74,51,32,36,21,22,64,58,72,33,25,60,71,61,58,4,4,4,4,4,4,4,3,3,5,4
154,18,1,1,2,3528,1,Cap,1,1,1,1,1,1,1,NA,NA,NA,NA,NA,82,100,65,65,66,0,28,0,1,44,60,56,100,79,66,0,0,0,3,3,3,3,5,3,3,5,4,5,3
155,37,1,1,1,7072,1,CAP,1,1,NA,NA,NA,NA,NA,1,1,0,0,0,96,100,100,91,79,91,100,82,57,70,100,80,91,84,100,0,20,0,6,5,1,6,4,2,5,5,5,1,2
156,70,2,1,1,7622,1,CAP,1,1,NA,NA,NA,NA,NA,1,1,1,1,1,30,50,35,0,50,20,20,10,20,90,100,80,20,20,20,90,70,50,2,2,4,2,1,2,2,2,4,2,1
157,59,1,1,1,8217,1,CAP,1,1,NA,NA,NA,NA,NA,1,1,1,1,1,78,77,78,92,75,16,12,14,21,77,99,72,100,100,82,17,1,2,5,3,5,2,2,2,3,3,3,1,2
158,18,1,1,1,5270,1,CAP,1,1,1,1,1,1,1,NA,NA,NA,NA,NA,NA,60,NA,40,NA,0,0,0,0,4,5,6,60,66,60,70,70,40,4,3,5,1,3,1,2,1,1,1,1
159,55,1,15,1,1624,1,CAP,1,1,NA,NA,NA,NA,NA,1,1,1,1,1,99,100,100,51,51,0,51,0,51,0,0,0,100,41,83,81,100,51,4,4,4,4,4,4,3,4,4,4,4
160,21,1,1,2,7870,1,Nop,1,1,1,0,0,1,0,NA,NA,NA,NA,NA,79,88,78,80,86,87,87,89,87,84,80,83,93,92,79,85,84,90,1,2,3,4,5,1,2,3,4,5,6
161,41,2,1,1,1682,1,Cap,1,1,1,1,1,1,1,NA,NA,NA,NA,NA,70,69,65,0,55,0,0,4,2,61,32,35,100,100,75,60,30,31,3,3,1,1,1,3,4,4,3,3,6
162,21,2,1,1,1433,1,Cap,2,NA,NA,NA,NA,NA,NA,NA,NA,NA,NA,NA,NA,NA,NA,NA,NA,NA,NA,NA,NA,NA,NA,NA,NA,NA,NA,NA,NA,NA,NA,NA,NA,NA,NA,NA,NA,NA,NA,NA,NA
163,46,1,1,1,5395,1,CAP,1,1,NA,NA,NA,NA,NA,1,1,1,1,1,100,100,99,98,93,1,1,0,3,99,100,81,100,100,100,40,30,2,4,4,5,5,4,4,4,5,4,5,4
164,56,1,16,1,5402,1,CAP,1,1,NA,NA,NA,NA,NA,1,1,1,1,1,60,91,72,57,55,39,49,44,52,85,90,79,80,87,88,55,45,49,6,5,6,6,4,2,4,4,2,3,2
165,55,2,1,1,9876,1,CAP,1,1,NA,NA,NA,NA,NA,1,1,1,1,1,89,94,55,62,75,5,4,4,1,41,51,8,96,98,97,9,7,3,4,3,5,4,3,2,4,4,3,3,2
163,46,1,1,1,9266,1,CAP,1,1,NA,NA,NA,NA,NA,1,1,1,1,1,100,100,99,99,100,0,1,1,1,100,100,83,100,99,100,0,1,3,4,4,5,5,5,5,4,5,5,6,5
166,68,2,1,1,5678,1,CAP,1,1,1,1,1,1,1,NA,NA,NA,NA,NA,29,20,74,31,34,27,89,24,80,70,84,52,68,82,20,25,38,90,1,1,1,1,1,3,2,3,1,2,2
167,62,2,1,1,5312,1,CAP,2,NA,NA,NA,NA,NA,NA,NA,NA,NA,NA,NA,NA,NA,NA,NA,NA,NA,NA,NA,NA,NA,NA,NA,NA,NA,NA,NA,NA,NA,NA,NA,NA,NA,NA,NA,NA,NA,NA,NA,NA
168,35,2,1,1,1046,1,Cap,1,0,1,1,1,1,1,NA,NA,NA,NA,NA,51,51,51,51,51,51,51,51,51,48,51,51,51,49,51,51,51,51,5,5,5,5,5,4,4,4,4,4,4
169,60,2,1,2,1501,1,CAP,1,1,1,1,1,1,1,NA,NA,NA,NA,NA,90,100,89,81,80,0,0,0,0,59,100,39,100,100,100,51,51,0,2,2,2,2,2,4,4,2,2,3,4
170,64,1,1,1,3575,1,CAP,1,1,1,1,1,1,1,NA,NA,NA,NA,NA,20,20,20,30,30,8,20,20,1,70,90,71,90,90,40,40,60,30,5,5,6,5,5,3,4,4,3,3,4
171,32,2,1,1,7502,1,CAP,1,1,NA,NA,NA,NA,NA,1,1,1,1,1,68,87,73,61,42,3,19,11,28,63,84,63,86,89,60,56,57,8,2,2,2,2,2,2,2,2,2,2,2
172,73,2,1,1,3564,1,CAP,1,1,NA,NA,NA,NA,NA,1,1,1,1,1,91,89,69,75,74,0,0,0,0,62,86,76,86,86,72,89,30,30,4,3,2,2,4,3,4,3,2,2,4
169,60,2,1,2,8967,1,CAP,1,0,1,1,1,1,1,NA,NA,NA,NA,NA,94,100,94,93,95,0,0,0,0,55,96,32,99,100,100,42,35,0,3,3,3,3,3,4,3,3,3,3,4
173,74,1,1,1,1676,1,CAP,1,1,1,1,1,1,1,NA,NA,NA,NA,NA,82,80,79,60,51,15,22,16,23,54,66,9,71,73,78,72,31,11,6,4,6,3,3,4,3,4,4,4,3
174,41,1,1,1,4613,1,CAP,1,1,NA,NA,NA,NA,NA,1,1,1,1,1,30,38,32,40,41,32,35,41,42,91,97,88,64,75,78,69,70,76,6,5,4,4,4,3,3,3,4,3,3
175,73,1,1,1,4740,1,CAP,2,NA,NA,NA,NA,NA,NA,NA,NA,NA,NA,NA,NA,NA,NA,NA,NA,NA,NA,NA,NA,NA,NA,NA,NA,NA,NA,NA,NA,NA,NA,NA,NA,NA,NA,NA,NA,NA,NA,NA,NA
176,50,1,1,1,8406,1,cap,1,1,NA,NA,NA,NA,NA,1,1,1,1,1,86,89,29,52,52,0,0,0,0,56,81,65,100,100,100,100,17,15,4,3,6,5,4,4,3,4,5,4,4
177,63,2,1,1,8203,1,Cap,1,1,NA,NA,NA,NA,NA,1,1,1,0,1,3,0,2,0,0,0,0,0,1,11,85,13,83,100,51,50,0,0,4,1,5,4,4,3,3,3,3,3,3
178,42,2,1,1,3627,1,CAP,2,NA,NA,NA,NA,NA,NA,NA,NA,NA,NA,NA,NA,NA,NA,NA,NA,NA,NA,NA,NA,NA,NA,NA,NA,NA,NA,NA,NA,NA,NA,NA,NA,NA,NA,NA,NA,NA,NA,NA,NA
179,20,2,2,2,3503,1,Judgksdhvsfhrks,1,0,NA,NA,NA,NA,NA,1,0,1,0,0,31,0,71,51,89,87,24,20,68,74,27,22,61,61,64,66,62,61,2,3,2,3,3,6,3,3,3,3,3
180,60,2,1,1,1605,1,CAP,1,0,1,1,1,1,1,NA,NA,NA,NA,NA,82,80,55,81,56,0,0,0,0,62,85,29,15,16,19,93,92,100,4,4,5,5,5,2,4,4,3,3,1
181,57,2,1,1,9821,1,CAP,1,1,1,1,1,1,1,NA,NA,NA,NA,NA,86,94,94,88,79,5,4,6,6,37,78,78,94,96,92,12,15,10,1,1,3,2,1,5,6,5,5,6,3
182,66,2,1,1,1385,1,CAP,1,1,1,1,1,1,1,NA,NA,NA,NA,NA,93,90,69,66,68,17,49,0,51,75,85,74,71,70,54,85,62,46,4,3,4,4,3,3,3,3,2,2,1
183,39,2,1,1,2838,1,CAP,1,1,NA,NA,NA,NA,NA,1,1,0,0,0,22,60,78,31,3,71,60,79,88,68,71,82,62,32,97,63,64,85,2,4,5,6,4,3,4,5,6,6,6
184,80,1,1,1,2099,1,CAP,2,NA,NA,NA,NA,NA,NA,NA,NA,NA,NA,NA,NA,NA,NA,NA,NA,NA,NA,NA,NA,NA,NA,NA,NA,NA,NA,NA,NA,NA,NA,NA,NA,NA,NA,NA,NA,NA,NA,NA,NA
185,19,2,1,1,3658,1,cap,1,1,1,1,1,0,1,NA,NA,NA,NA,NA,19,79,68,67,4,36,60,34,68,77,32,75,40,79,38,81,68,100,3,3,4,3,2,1,5,6,5,4,6
186,65,2,1,1,8439,1,CAP,2,NA,NA,NA,NA,NA,NA,NA,NA,NA,NA,NA,NA,NA,NA,NA,NA,NA,NA,NA,NA,NA,NA,NA,NA,NA,NA,NA,NA,NA,NA,NA,NA,NA,NA,NA,NA,NA,NA,NA,NA
187,65,2,1,1,4714,1,cap,1,1,NA,NA,NA,NA,NA,1,1,1,1,1,15,43,24,22,40,25,12,17,42,60,13,29,20,20,10,86,97,93,3,4,4,4,4,4,5,5,3,4,4
188,38,2,1,1,5773,1,Cap,1,1,NA,NA,NA,NA,NA,1,1,1,1,1,1,0,0,0,0,0,0,0,0,21,43,10,100,100,100,0,0,8,1,6,4,4,2,1,3,4,4,1,1
189,35,1,2,1,2111,1,CAP,1,1,1,1,1,1,1,NA,NA,NA,NA,NA,74,87,63,58,72,18,42,18,46,62,81,38,100,95,100,80,86,80,4,2,3,4,2,4,3,3,4,4,3
190,63,2,1,1,2458,1,CAP,1,1,1,1,1,1,1,NA,NA,NA,NA,NA,60,71,50,50,72,0,0,0,0,49,91,29,50,91,9,71,9,10,1,1,6,1,1,4,2,1,2,1,2
191,69,1,1,1,5717,1,CAP,1,1,1,1,1,1,1,NA,NA,NA,NA,NA,55,84,55,56,54,32,16,37,54,45,53,37,74,72,71,38,25,24,4,4,4,4,4,4,4,4,4,4,3
192,29,1,1,1,7056,1,cap,2,NA,NA,NA,NA,NA,NA,NA,NA,NA,NA,NA,NA,NA,NA,NA,NA,NA,NA,NA,NA,NA,NA,NA,NA,NA,NA,NA,NA,NA,NA,NA,NA,NA,NA,NA,NA,NA,NA,NA,NA
193,56,2,1,1,6069,1,CAP,2,NA,NA,NA,NA,NA,NA,NA,NA,NA,NA,NA,NA,NA,NA,NA,NA,NA,NA,NA,NA,NA,NA,NA,NA,NA,NA,NA,NA,NA,NA,NA,NA,NA,NA,NA,NA,NA,NA,NA,NA
194,55,2,1,1,4415,1,CAP,1,1,NA,NA,NA,NA,NA,1,1,1,1,1,100,100,100,100,100,0,0,0,0,19,53,34,100,100,100,73,42,25,4,1,4,1,6,1,1,1,1,1,1
195,62,1,1,1,8560,1,CAP,1,1,NA,NA,NA,NA,NA,1,1,1,1,1,100,100,100,1,4,10,10,10,74,40,100,28,100,100,100,0,0,52,6,3,6,5,4,3,4,4,4,2,1
196,55,2,1,1,4870,1,CAP,1,0,NA,NA,NA,NA,NA,1,1,1,1,1,71,51,74,51,51,20,18,19,19,81,100,62,96,96,51,30,51,20,3,5,3,4,4,6,6,4,4,2,4
197,18,2,1,1,2346,1,CAP,1,1,NA,NA,NA,NA,NA,1,1,1,1,1,71,81,71,82,71,10,10,10,9,30,71,53,70,70,40,50,61,40,4,1,3,3,3,1,1,1,1,1,1
198,24,2,1,1,2778,1,CAP,1,1,NA,NA,NA,NA,NA,1,1,1,1,1,73,80,89,61,51,17,33,0,34,10,73,37,75,77,75,34,23,21,4,5,6,3,4,4,5,4,5,3,3
199,82,2,1,1,2196,1,CAP,1,1,1,1,1,1,1,NA,NA,NA,NA,NA,79,65,33,19,77,22,66,28,27,33,96,53,73,38,38,59,63,59,4,1,3,1,3,1,2,2,1,4,3
200,75,2,1,1,8924,1,cap,2,NA,NA,NA,NA,NA,NA,NA,NA,NA,NA,NA,NA,NA,NA,NA,NA,NA,NA,NA,NA,NA,NA,NA,NA,NA,NA,NA,NA,NA,NA,NA,NA,NA,NA,NA,NA,NA,NA,NA,NA
201,40,2,10,1,5935,1,Cap,1,1,NA,NA,NA,NA,NA,1,0,1,0,0,64,69,65,70,72,66,61,74,59,70,71,69,70,67,66,71,46,62,3,4,4,5,5,5,4,4,3,3,3
202,64,2,1,1,9893,1,CAP,1,1,NA,NA,NA,NA,NA,1,1,1,1,1,65,79,56,43,45,12,12,11,13,5,76,9,83,85,86,28,17,13,4,3,4,4,3,2,3,3,2,2,2
203,42,2,2,1,1575,1,CAP,1,1,NA,NA,NA,NA,NA,1,1,1,1,1,95,96,85,93,82,8,7,11,11,75,62,67,92,87,97,93,81,84,6,5,5,6,5,6,5,5,6,5,5
204,61,2,1,1,8526,1,cap,2,NA,NA,NA,NA,NA,NA,NA,NA,NA,NA,NA,NA,NA,NA,NA,NA,NA,NA,NA,NA,NA,NA,NA,NA,NA,NA,NA,NA,NA,NA,NA,NA,NA,NA,NA,NA,NA,NA,NA,NA
205,76,2,1,1,8705,1,CAP,1,1,1,1,1,1,1,NA,NA,NA,NA,NA,100,100,90,100,98,91,93,92,92,40,70,40,85,85,75,25,25,0,4,2,4,3,2,2,1,2,2,3,3
206,75,2,1,1,5368,1,CAP,1,1,1,1,1,1,1,NA,NA,NA,NA,NA,93,93,76,75,70,7,2,26,0,58,69,73,85,85,80,25,10,10,4,4,6,3,3,4,3,3,3,4,4
207,45,1,1,2,5651,1,CAP,1,1,1,1,1,1,1,NA,NA,NA,NA,NA,100,100,100,100,50,0,0,0,0,100,100,60,100,100,100,50,0,0,4,5,5,5,5,5,5,4,4,3,4
208,26,2,1,1,4728,1,sap,2,NA,NA,NA,NA,NA,NA,NA,NA,NA,NA,NA,NA,NA,NA,NA,NA,NA,NA,NA,NA,NA,NA,NA,NA,NA,NA,NA,NA,NA,NA,NA,NA,NA,NA,NA,NA,NA,NA,NA,NA
209,24,2,1,2,4515,1,Cap,2,NA,NA,NA,NA,NA,NA,NA,NA,NA,NA,NA,NA,NA,NA,NA,NA,NA,NA,NA,NA,NA,NA,NA,NA,NA,NA,NA,NA,NA,NA,NA,NA,NA,NA,NA,NA,NA,NA,NA,NA
210,62,2,1,1,9390,1,CAP,1,1,NA,NA,NA,NA,NA,1,1,1,1,1,89,100,89,100,96,0,83,0,9,100,100,100,100,100,97,100,81,92,1,1,1,1,1,1,1,5,3,2,2
211,18,2,15,2,7525,1,cap,1,1,NA,NA,NA,NA,NA,1,1,1,1,1,100,100,66,100,0,0,8,0,0,31,72,82,89,18,52,36,69,21,6,5,3,1,2,1,3,2,1,6,4
212,67,1,1,1,6084,1,CAP,2,NA,NA,NA,NA,NA,NA,NA,NA,NA,NA,NA,NA,NA,NA,NA,NA,NA,NA,NA,NA,NA,NA,NA,NA,NA,NA,NA,NA,NA,NA,NA,NA,NA,NA,NA,NA,NA,NA,NA,NA
213,48,2,1,1,6104,1,CAP,1,1,1,1,1,1,1,NA,NA,NA,NA,NA,65,76,95,38,70,15,13,28,20,19,67,34,79,82,74,94,28,19,5,6,5,6,5,5,5,5,5,5,5
214,67,2,1,1,5919,1,CAP,1,1,NA,NA,NA,NA,NA,1,1,1,1,1,71,71,71,56,70,0,12,19,10,25,75,26,100,95,95,20,21,22,4,2,3,5,5,2,2,5,5,5,3
215,45,2,1,1,2913,1,CAP,1,1,1,1,1,1,1,NA,NA,NA,NA,NA,69,100,84,34,61,0,0,9,9,0,73,46,100,100,33,1,8,0,6,1,4,2,1,3,3,4,4,5,5
216,56,2,1,1,1833,1,CAP,1,1,1,1,1,1,1,NA,NA,NA,NA,NA,81,82,81,82,83,9,8,8,9,74,84,37,92,92,92,81,52,18,1,1,6,1,1,3,5,4,1,1,3
217,61,2,1,1,5815,1,Cap,1,1,1,1,1,1,1,NA,NA,NA,NA,NA,63,74,NA,NA,66,NA,NA,50,61,68,86,60,72,77,92,76,78,91,3,4,4,4,5,3,5,4,3,3,3
218,57,2,2,1,1727,1,CAP,1,1,1,1,1,1,1,NA,NA,NA,NA,NA,100,70,60,93,86,71,90,99,75,55,65,76,68,76,56,95,93,97,4,5,5,5,6,3,3,1,2,3,3
219,19,2,1,1,8106,1,Cap,2,NA,NA,NA,NA,NA,NA,NA,NA,NA,NA,NA,NA,NA,NA,NA,NA,NA,NA,NA,NA,NA,NA,NA,NA,NA,NA,NA,NA,NA,NA,NA,NA,NA,NA,NA,NA,NA,NA,NA,NA
220,64,2,1,1,5661,1,CAP,1,1,1,1,1,1,1,NA,NA,NA,NA,NA,98,81,70,93,80,1,3,2,1,26,55,37,88,93,67,35,37,8,4,6,5,6,3,4,4,2,2,1,4
221,28,2,1,1,1713,1,Cap,1,0,1,0,1,1,1,NA,NA,NA,NA,NA,19,14,70,12,35,21,74,56,34,33,77,8,30,75,56,11,19,42,3,4,6,4,2,3,4,5,6,4,1
222,59,2,1,1,9534,1,CAP,1,1,NA,NA,NA,NA,NA,1,1,1,1,1,86,99,77,87,28,19,31,20,17,27,28,61,95,100,100,23,10,3,4,2,5,1,1,6,6,6,6,6,6
223,51,2,1,1,3890,1,Cap,1,0,NA,NA,NA,NA,NA,1,1,1,1,0,76,73,74,74,75,26,28,32,25,93,92,90,82,87,89,83,83,47,5,1,6,6,4,3,3,4,3,1,5
224,54,2,1,1,2064,1,Cap,1,1,NA,NA,NA,NA,NA,1,1,1,1,1,85,83,83,83,84,12,12,14,12,51,58,54,90,91,90,30,21,10,2,2,4,4,2,3,3,3,3,2,3
225,44,1,1,1,6568,1,CAP,1,1,1,1,1,0,1,NA,NA,NA,NA,NA,33,80,49,27,29,29,29,30,29,61,96,31,91,92,63,10,31,13,3,3,5,5,3,4,4,4,2,2,4
226,65,2,1,1,8744,1,CAP,2,NA,NA,NA,NA,NA,NA,NA,NA,NA,NA,NA,NA,NA,NA,NA,NA,NA,NA,NA,NA,NA,NA,NA,NA,NA,NA,NA,NA,NA,NA,NA,NA,NA,NA,NA,NA,NA,NA,NA,NA
223,51,2,1,1,8739,1,Tap,2,NA,NA,NA,NA,NA,NA,NA,NA,NA,NA,NA,NA,NA,NA,NA,NA,NA,NA,NA,NA,NA,NA,NA,NA,NA,NA,NA,NA,NA,NA,NA,NA,NA,NA,NA,NA,NA,NA,NA,NA
227,48,2,1,1,4377,1,CAP,1,1,1,1,1,1,1,NA,NA,NA,NA,NA,74,77,74,57,72,3,30,2,3,67,77,79,75,70,25,75,75,60,6,4,4,4,3,1,3,3,3,3,4
228,22,2,16,2,8313,1,cap,1,0,NA,NA,NA,NA,NA,1,1,1,0,1,76,81,81,68,75,36,49,43,39,45,60,69,76,69,64,63,35,45,4,3,4,3,4,3,3,4,4,3,3
229,52,2,1,1,2626,1,Cap,1,1,NA,NA,NA,NA,NA,1,1,1,0,1,39,60,60,41,57,22,22,22,21,76,86,64,52,44,44,49,25,9,6,6,6,6,6,3,3,3,2,2,1
230,66,2,1,1,6147,1,CAP,1,1,1,1,1,1,1,NA,NA,NA,NA,NA,22,10,32,23,35,22,15,23,23,27,43,22,100,100,100,12,6,0,4,4,5,5,5,5,4,5,5,4,5
231,28,2,16,1,4330,1,CAP,1,1,NA,NA,NA,NA,NA,1,1,1,1,1,13,15,10,9,7,21,15,21,61,30,60,17,1,0,0,95,95,100,2,1,1,1,2,1,1,1,1,2,2
232,67,2,7,1,1952,1,cap,1,1,1,1,1,1,1,NA,NA,NA,NA,NA,81,82,82,59,66,25,0,15,0,100,100,51,87,78,82,75,50,5,4,4,3,3,3,2,3,3,3,3,3
233,19,1,15,2,7582,1,cap,1,1,NA,NA,NA,NA,NA,1,1,1,1,1,61,35,78,55,54,27,35,41,42,28,0,26,100,86,86,100,79,79,6,5,6,6,5,4,4,4,6,5,6
234,68,2,1,1,7499,1,CAP,1,1,1,1,1,1,1,NA,NA,NA,NA,NA,21,98,NA,39,47,0,2,0,0,65,82,41,48,NA,100,40,53,2,6,3,5,4,4,1,1,1,1,1,1
235,36,1,1,1,4046,1,CAP,1,1,1,0,0,0,0,NA,NA,NA,NA,NA,100,100,100,100,100,100,100,100,100,100,100,100,100,100,100,100,100,100,6,5,6,6,6,6,5,5,6,6,6
236,21,1,16,1,3046,1,CAP,2,NA,NA,NA,NA,NA,NA,NA,NA,NA,NA,NA,NA,NA,NA,NA,NA,NA,NA,NA,NA,NA,NA,NA,NA,NA,NA,NA,NA,NA,NA,NA,NA,NA,NA,NA,NA,NA,NA,NA,NA
237,67,2,1,1,8212,1,CAP,1,0,1,1,1,1,1,NA,NA,NA,NA,NA,61,61,55,64,44,34,32,31,29,73,64,24,76,87,83,72,65,37,4,4,5,3,4,4,3,1,4,3,4
238,69,2,2,1,6564,1,Cap,1,1,NA,NA,NA,NA,NA,1,1,1,1,1,39,65,40,41,68,0,0,0,62,70,78,77,64,63,32,71,69,34,6,1,6,5,2,1,1,1,1,1,2
239,49,2,1,1,6451,1,CAP,1,1,NA,NA,NA,NA,NA,1,1,1,1,1,51,51,51,23,56,14,14,16,13,20,31,23,51,51,51,42,42,82,4,2,5,1,5,1,1,1,1,1,1
240,20,2,1,1,9420,1,Cap,1,1,1,0,1,0,0,NA,NA,NA,NA,NA,16,32,46,63,70,68,57,30,51,67,90,79,30,65,88,68,33,70,5,5,6,2,5,3,3,6,1,5,4
240,20,2,1,1,1661,1,CAP,1,1,NA,NA,NA,NA,NA,1,1,1,0,0,62,68,21,25,68,69,68,86,89,81,32,73,65,44,65,75,45,78,3,4,5,1,4,3,2,5,3,4,2
241,59,1,1,1,7850,1,CAP,2,NA,NA,NA,NA,NA,NA,NA,NA,NA,NA,NA,NA,NA,NA,NA,NA,NA,NA,NA,NA,NA,NA,NA,NA,NA,NA,NA,NA,NA,NA,NA,NA,NA,NA,NA,NA,NA,NA,NA,NA
242,21,2,1,1,2653,1,CAP,1,1,1,1,1,1,1,NA,NA,NA,NA,NA,70,75,60,57,61,54,53,54,48,42,41,62,83,67,59,91,63,64,6,5,4,6,5,6,5,3,6,5,4
243,20,1,16,2,3714,1,Cap,1,1,NA,NA,NA,NA,NA,1,0,0,0,0,36,NA,80,NA,50,100,100,100,100,88,91,67,76,77,80,58,62,59,1,2,2,2,2,1,2,3,6,5,4
244,49,1,15,1,9482,1,cab,1,1,1,0,0,0,0,NA,NA,NA,NA,NA,100,100,100,100,100,100,100,100,100,100,100,100,100,100,100,100,100,100,5,5,5,5,6,1,1,1,1,1,1
245,20,1,1,1,8815,1,BLUE,2,NA,NA,NA,NA,NA,NA,NA,NA,NA,NA,NA,NA,NA,NA,NA,NA,NA,NA,NA,NA,NA,NA,NA,NA,NA,NA,NA,NA,NA,NA,NA,NA,NA,NA,NA,NA,NA,NA,NA,NA
246,68,1,1,1,6440,1,CAP,1,1,NA,NA,NA,NA,NA,1,1,1,1,1,25,75,75,70,50,60,60,70,50,25,10,5,100,95,75,100,0,0,6,6,6,6,6,6,6,6,1,1,6
247,40,2,2,1,3420,1,Cap,1,1,NA,NA,NA,NA,NA,1,1,1,1,1,80,97,64,87,76,10,41,40,14,78,80,62,72,73,74,30,30,44,6,3,6,4,5,3,2,1,1,1,2
248,56,2,1,2,4568,1,CAP,1,1,1,1,1,1,1,NA,NA,NA,NA,NA,60,60,60,60,50,20,75,50,21,20,80,20,60,60,50,60,60,60,4,2,3,2,4,2,2,1,2,1,1
249,18,1,2,1,5759,1,cap,1,1,NA,NA,NA,NA,NA,1,1,1,1,1,54,70,41,54,55,15,14,14,14,35,51,63,70,61,80,60,50,40,4,4,3,3,4,1,1,1,1,1,1
250,51,2,1,1,2406,1,CAP,1,1,1,1,1,1,1,NA,NA,NA,NA,NA,45,49,48,36,13,9,8,9,9,37,35,33,41,36,22,29,37,21,2,1,2,5,3,1,2,1,1,2,2
251,33,NA,NA,NA,6137,1,CAP,1,1,1,1,1,0,1,NA,NA,NA,NA,NA,72,62,28,54,44,39,47,41,42,61,43,58,64,60,77,65,45,58,5,4,5,5,5,3,4,5,4,5,4
252,19,2,1,2,7772,1,CAP,1,1,NA,NA,NA,NA,NA,1,1,1,1,1,67,85,89,47,71,30,63,42,60,44,80,70,54,69,39,62,54,46,3,6,5,3,6,5,4,1,3,2,1
253,79,2,1,1,9612,1,CAP,1,1,NA,NA,NA,NA,NA,1,1,1,1,1,81,94,NA,75,78,2,6,4,9,90,92,40,96,94,100,NA,NA,5,5,2,6,5,5,6,5,5,4,1,4
254,NA,NA,NA,NA,9539,NA,,2,NA,NA,NA,NA,NA,NA,NA,NA,NA,NA,NA,NA,NA,NA,NA,NA,NA,NA,NA,NA,NA,NA,NA,NA,NA,NA,NA,NA,NA,NA,NA,NA,NA,NA,NA,NA,NA,NA,NA,NA
254,NA,NA,NA,NA,7997,NA,,2,NA,NA,NA,NA,NA,NA,NA,NA,NA,NA,NA,NA,NA,NA,NA,NA,NA,NA,NA,NA,NA,NA,NA,NA,NA,NA,NA,NA,NA,NA,NA,NA,NA,NA,NA,NA,NA,NA,NA,NA
255,30,2,1,2,2338,1,CAP,1,1,1,1,1,0,1,NA,NA,NA,NA,NA,79,85,95,59,71,91,79,78,65,75,65,87,65,76,61,61,55,71,1,2,4,4,2,3,3,4,5,3,2
256,56,2,1,1,9637,1,CAP,1,1,NA,NA,NA,NA,NA,1,1,1,1,1,87,96,64,72,30,23,15,0,13,93,97,93,100,100,100,23,13,3,3,3,3,4,3,3,1,4,3,4,2
257,69,2,1,1,2790,1,CAP,1,1,NA,NA,NA,NA,NA,1,1,1,1,1,0,0,0,21,41,100,100,100,100,82,100,58,100,100,100,19,8,0,6,5,6,4,6,2,2,3,1,1,1
258,58,2,1,1,4023,1,CAP,2,NA,NA,NA,NA,NA,NA,NA,NA,NA,NA,NA,NA,NA,NA,NA,NA,NA,NA,NA,NA,NA,NA,NA,NA,NA,NA,NA,NA,NA,NA,NA,NA,NA,NA,NA,NA,NA,NA,NA,NA
259,38,2,1,1,2465,1,CAP,1,1,1,1,1,1,1,NA,NA,NA,NA,NA,27,74,51,51,51,0,0,0,91,21,40,9,90,70,62,20,20,30,4,2,4,5,6,1,1,1,1,3,1
260,36,1,1,1,7410,1,Blue and bold font,1,1,1,0,0,1,0,NA,NA,NA,NA,NA,100,100,100,100,100,100,100,100,100,100,100,100,100,100,100,100,100,100,6,6,6,6,6,6,6,6,6,6,6
261,67,1,1,1,5357,1,CAP,1,1,1,1,1,1,1,NA,NA,NA,NA,NA,63,62,70,61,62,0,0,0,0,95,100,19,100,100,100,0,0,1,1,1,1,1,1,1,1,1,1,1,1
262,70,2,1,1,3234,1,CAP,2,NA,NA,NA,NA,NA,NA,NA,NA,NA,NA,NA,NA,NA,NA,NA,NA,NA,NA,NA,NA,NA,NA,NA,NA,NA,NA,NA,NA,NA,NA,NA,NA,NA,NA,NA,NA,NA,NA,NA,NA
263,26,2,1,1,3618,1,Cap,1,1,NA,NA,NA,NA,NA,1,1,1,1,1,28,74,19,18,20,18,16,19,22,63,41,100,33,76,63,63,7,6,6,6,6,3,4,1,1,1,1,1,1
264,52,1,7,1,9112,1,CAP,1,1,1,1,1,1,1,NA,NA,NA,NA,NA,72,66,73,71,68,40,41,41,61,71,67,66,63,67,43,65,71,64,4,4,5,5,4,1,2,2,2,2,2
265,55,2,1,1,8036,1,Cap,1,1,NA,NA,NA,NA,NA,1,1,1,1,1,100,100,100,100,100,0,0,0,0,26,26,26,100,100,100,0,0,0,4,2,5,4,3,1,1,1,1,1,1
266,50,2,1,1,3451,1,CAP,1,1,NA,NA,NA,NA,NA,1,1,1,1,1,37,36,21,22,22,9,51,8,51,51,84,53,50,50,71,50,50,30,4,2,4,1,4,4,3,4,3,3,3
267,43,2,1,1,9374,1,CAP,1,1,NA,NA,NA,NA,NA,1,1,1,1,0,56,55,54,51,55,48,45,49,46,49,49,54,61,62,75,54,48,44,3,3,4,3,3,4,3,3,3,3,3
268,60,2,1,1,9685,1,CAP,1,1,NA,NA,NA,NA,NA,1,1,1,1,1,88,76,91,88,91,5,6,15,15,78,100,100,100,100,100,100,100,9,6,4,4,4,3,2,2,2,1,1,1
269,66,2,2,1,3300,1,CAP,1,1,1,1,1,1,1,NA,NA,NA,NA,NA,77,81,81,69,31,13,14,15,15,95,93,93,51,51,12,51,51,2,4,2,4,4,4,2,2,2,2,2,2
270,33,2,5,1,2689,1,cap,1,1,1,1,1,1,1,NA,NA,NA,NA,NA,100,99,94,100,47,11,6,0,0,100,100,100,95,94,100,100,0,0,1,1,1,6,6,1,1,1,1,1,1
271,33,1,1,1,4877,1,CAP,1,1,NA,NA,NA,NA,NA,1,1,1,1,1,67,34,65,21,66,27,35,12,31,69,70,33,73,34,26,84,60,38,5,4,6,5,3,4,5,4,2,5,3
272,31,2,1,1,5947,1,Cap,1,1,1,1,1,1,1,NA,NA,NA,NA,NA,46,41,77,45,62,26,86,26,85,33,45,29,50,50,0,60,60,0,1,1,6,1,1,1,1,1,1,1,1
273,26,2,1,1,5976,1,CAP,1,1,1,1,1,1,1,NA,NA,NA,NA,NA,58,63,64,0,52,36,69,51,72,64,91,85,62,51,62,94,100,83,4,5,6,6,6,1,1,1,1,1,1
274,34,1,1,1,3492,1,CAP,1,0,1,1,1,1,1,NA,NA,NA,NA,NA,43,58,59,54,58,63,67,61,40,43,64,43,66,73,78,63,70,1,1,2,3,3,3,6,6,5,5,4,3
275,41,2,10,1,2192,1,CAP,1,1,NA,NA,NA,NA,NA,1,1,1,1,1,95,95,94,95,95,0,1,0,0,55,63,74,95,97,95,9,6,5,6,1,6,6,1,6,6,6,6,6,6
276,64,2,1,1,5816,1,cap,1,1,1,1,1,1,1,NA,NA,NA,NA,NA,100,98,100,100,100,0,0,0,0,100,100,74,100,100,100,100,0,0,4,1,6,6,1,1,1,1,1,1,1
277,28,2,15,3,1863,1,CAP,1,1,NA,NA,NA,NA,NA,1,1,1,1,1,68,64,40,35,35,32,32,44,32,29,86,62,79,79,92,21,52,70,4,3,3,5,5,3,2,2,1,2,3
278,52,2,2,1,5284,1,CAP,1,1,NA,NA,NA,NA,NA,1,1,1,1,1,67,61,24,37,71,71,18,66,59,62,29,68,97,91,71,20,11,17,4,5,6,3,3,3,4,3,3,3,2
279,43,2,8,1,3823,1,CAP,1,1,NA,NA,NA,NA,NA,1,1,1,1,1,77,74,76,73,71,5,7,7,10,27,19,28,14,18,23,21,29,24,5,5,5,5,3,3,4,3,3,5,3
280,66,2,1,1,8575,1,CAP,1,1,NA,NA,NA,NA,NA,1,1,1,1,1,55,60,55,55,50,40,45,40,40,50,70,45,75,65,60,60,40,35,2,1,2,1,1,1,4,3,1,2,2
281,54,2,1,1,2752,1,cap,1,1,1,1,1,1,1,NA,NA,NA,NA,NA,51,51,51,51,28,26,30,31,31,76,79,58,80,71,68,82,41,39,2,2,1,2,2,4,3,3,4,2,5
282,37,2,1,1,7370,1,CAP,1,1,NA,NA,NA,NA,NA,1,1,1,1,1,46,48,53,57,42,42,34,58,65,80,100,18,90,83,100,25,25,0,5,3,5,6,5,2,6,6,6,3,5
283,22,2,3,2,1646,1,CAP,1,1,1,1,1,1,1,NA,NA,NA,NA,NA,70,81,75,65,40,5,5,15,10,10,13,95,95,85,60,60,70,20,4,5,6,2,5,2,1,2,1,1,2
284,72,2,1,1,5445,1,CAP,1,1,NA,NA,NA,NA,NA,1,1,1,1,1,84,84,81,67,87,67,11,4,15,66,68,57,84,88,93,56,58,36,5,5,5,5,5,4,4,5,4,4,4
285,21,1,2,1,8005,1,Cap,1,1,NA,NA,NA,NA,NA,1,1,0,0,0,66,43,58,42,26,80,64,43,27,65,43,60,37,70,35,37,81,38,3,5,3,5,4,6,5,4,3,4,4
286,64,2,1,1,8270,1,CAP,1,1,1,1,1,1,1,NA,NA,NA,NA,NA,61,80,58,88,56,28,52,53,13,57,72,30,91,91,96,45,20,20,3,3,3,4,3,4,4,4,3,1,3
287,30,1,4,1,4836,1,CAP,1,1,1,0,0,0,0,NA,NA,NA,NA,NA,15,22,100,96,79,91,90,73,21,90,81,92,94,78,92,90,77,97,6,5,5,6,5,6,5,4,6,5,4
288,58,2,1,1,5626,1,Cap,1,1,NA,NA,NA,NA,NA,1,1,1,1,1,54,85,91,53,52,4,33,11,13,95,96,60,75,76,60,25,26,40,1,4,5,5,4,1,1,1,1,1,1
289,48,2,16,1,5578,1,Cap,1,1,1,1,1,1,1,NA,NA,NA,NA,NA,51,50,51,51,51,51,51,51,51,65,94,57,50,50,50,55,50,50,4,3,4,3,3,3,3,3,3,3,3
290,59,1,1,1,4922,1,CAP,2,NA,NA,NA,NA,NA,NA,NA,NA,NA,NA,NA,NA,NA,NA,NA,NA,NA,NA,NA,NA,NA,NA,NA,NA,NA,NA,NA,NA,NA,NA,NA,NA,NA,NA,NA,NA,NA,NA,NA,NA
291,35,2,1,1,7418,1,BLUE,1,1,1,1,1,1,1,NA,NA,NA,NA,NA,44,44,52,62,52,60,58,62,58,60,57,61,61,64,65,60,59,59,3,6,4,6,4,1,3,2,1,1,1
292,58,2,1,1,7789,1,CAP,2,NA,NA,NA,NA,NA,NA,NA,NA,NA,NA,NA,NA,NA,NA,NA,NA,NA,NA,NA,NA,NA,NA,NA,NA,NA,NA,NA,NA,NA,NA,NA,NA,NA,NA,NA,NA,NA,NA,NA,NA
293,22,1,2,1,9779,1,CAP,1,1,1,1,1,1,1,NA,NA,NA,NA,NA,89,78,62,91,78,68,75,79,69,82,71,81,72,89,80,61,77,67,4,6,5,4,4,4,5,4,4,5,4
294,60,2,2,1,3468,1,CAP,1,1,NA,NA,NA,NA,NA,1,1,1,1,1,84,83,99,30,10,0,0,0,100,82,100,84,100,99,9,0,0,0,5,4,6,6,6,1,2,2,2,2,2
295,30,1,1,1,2672,1,CAP,1,1,1,1,1,0,1,NA,NA,NA,NA,NA,63,69,70,72,64,72,66,64,66,68,64,78,65,70,70,72,69,73,6,6,6,6,6,5,5,6,5,6,5
296,23,2,1,1,2146,1,CAP,1,1,NA,NA,NA,NA,NA,1,1,0,0,1,74,76,69,72,67,67,72,73,78,76,72,74,68,64,75,69,78,73,4,3,4,4,3,4,3,4,3,4,3
297,55,2,1,1,1285,1,CAP,1,1,1,1,1,1,1,NA,NA,NA,NA,NA,79,86,52,73,65,9,12,14,11,86,92,65,95,92,76,27,28,7,5,3,3,4,3,1,1,1,1,1,1
298,67,2,2,1,7414,1,CAP,2,NA,NA,NA,NA,NA,NA,NA,NA,NA,NA,NA,NA,NA,NA,NA,NA,NA,NA,NA,NA,NA,NA,NA,NA,NA,NA,NA,NA,NA,NA,NA,NA,NA,NA,NA,NA,NA,NA,NA,NA
299,38,1,1,1,1134,1,cap,1,1,NA,NA,NA,NA,NA,1,1,0,0,0,100,99,99,100,100,100,100,99,100,99,100,100,100,100,100,100,100,100,6,6,6,6,6,6,6,6,6,5,6
300,72,2,1,1,9191,1,CAP,1,1,NA,NA,NA,NA,NA,1,1,1,1,1,52,84,51,42,61,21,20,21,30,73,84,41,82,72,73,30,29,9,3,2,3,1,5,1,4,5,5,4,5
301,28,2,1,3,6865,1,CAP,1,1,NA,NA,NA,NA,NA,1,1,1,0,0,26,23,71,77,32,76,72,76,29,74,73,72,23,38,76,78,75,71,2,1,3,4,2,2,2,4,5,1,2
302,19,2,2,1,2118,1,Cap,1,1,NA,NA,NA,NA,NA,1,0,1,0,1,0,1,76,0,27,22,26,23,10,17,25,70,10,17,35,12,37,9,2,2,2,2,2,3,4,4,3,3,2
303,28,2,1,1,3323,1,Cap,1,1,1,1,1,1,1,NA,NA,NA,NA,NA,5,15,76,3,4,11,52,27,90,90,23,22,93,66,34,91,37,33,1,4,3,2,4,3,2,3,4,1,2
304,33,2,1,1,3669,1,Cap,1,1,1,1,1,0,1,NA,NA,NA,NA,NA,81,85,25,72,31,18,38,66,38,70,92,66,81,70,38,31,74,94,3,2,5,3,3,4,3,2,4,3,2
305,19,1,1,1,6556,1,cap,1,1,NA,NA,NA,NA,NA,1,1,1,1,1,81,62,36,61,23,70,41,62,84,37,87,61,91,94,96,33,35,31,5,3,3,4,3,4,4,5,5,4,4
306,33,2,1,1,1878,1,cap,1,1,1,1,1,0,1,NA,NA,NA,NA,NA,70,72,68,64,62,58,54,66,61,57,66,65,55,66,69,32,43,57,2,3,3,3,3,3,3,4,3,3,4
307,68,1,1,1,5677,1,CAP,1,1,NA,NA,NA,NA,NA,1,1,1,1,1,61,63,62,63,62,11,12,11,11,82,83,83,61,73,73,36,43,58,4,1,4,4,2,2,4,3,3,3,4
308,40,2,1,1,9327,1,CAP,1,1,NA,NA,NA,NA,NA,1,1,1,1,1,98,100,86,96,82,9,12,8,17,52,92,23,93,100,100,16,0,0,1,4,6,4,3,4,5,6,5,6,6
309,73,2,1,1,6277,1,CAP,1,1,1,1,1,1,1,NA,NA,NA,NA,NA,72,71,51,51,51,7,0,0,16,59,99,41,91,72,81,59,28,51,4,1,4,3,1,4,3,2,2,4,3
310,31,2,1,1,6168,1,Cap,1,1,NA,NA,NA,NA,NA,1,1,1,1,1,87,73,86,83,86,16,31,15,21,39,81,51,90,100,91,66,70,34,5,3,4,2,3,6,5,6,5,5,5
311,19,2,1,1,1759,1,Cap,1,1,1,1,1,1,1,NA,NA,NA,NA,NA,100,100,86,80,25,0,0,0,24,100,100,100,100,100,100,25,100,26,6,5,6,6,6,1,1,1,1,1,1
312,26,1,1,1,5756,1,CAP,1,1,NA,NA,NA,NA,NA,1,1,1,0,1,97,100,16,74,59,24,27,40,44,30,73,49,96,95,100,68,39,40,1,2,1,2,3,1,1,1,1,2,2
313,48,1,2,1,5356,1,Cap,1,0,1,1,1,1,1,NA,NA,NA,NA,NA,39,44,42,42,43,51,40,39,40,44,38,42,38,38,40,42,52,51,3,1,5,4,1,2,4,5,4,5,5
314,21,2,1,1,6819,1,CAP,1,1,1,0,1,1,1,NA,NA,NA,NA,NA,85,60,97,100,94,83,79,88,90,72,88,99,63,64,58,100,100,100,6,6,6,6,6,6,3,4,4,4,4
315,59,2,1,1,9427,1,CAP,1,1,1,1,1,1,1,NA,NA,NA,NA,NA,82,95,82,81,2,0,1,0,0,30,63,32,97,97,53,1,2,2,4,3,5,5,3,5,3,4,3,3,4
316,66,1,1,1,6097,1,CAP,1,1,NA,NA,NA,NA,NA,1,1,0,0,0,76,75,77,76,75,72,70,71,73,70,72,72,80,81,82,81,81,82,5,5,5,5,5,5,5,5,5,5,5
317,71,2,1,1,3808,1,CAP,1,1,NA,NA,NA,NA,NA,1,1,1,1,1,85,86,87,86,64,5,6,3,2,87,88,88,91,89,93,11,12,1,6,5,6,6,6,2,3,2,1,1,1
318,44,1,1,1,8263,1,CAP,1,1,NA,NA,NA,NA,NA,1,1,0,1,1,100,86,89,87,82,91,92,87,89,100,78,100,90,85,100,94,89,100,6,6,6,6,6,6,5,5,6,5,6
319,66,2,1,1,7590,1,CAP,1,1,NA,NA,NA,NA,NA,1,1,1,1,1,100,86,100,66,67,36,36,32,67,75,100,66,100,84,100,57,46,26,1,1,6,6,1,5,4,3,1,1,1
320,39,2,1,1,8164,1,CAP,1,1,1,1,1,1,1,NA,NA,NA,NA,NA,25,35,58,35,64,32,30,25,26,24,30,30,31,29,25,14,21,32,3,3,3,3,3,3,3,3,3,3,3
321,64,2,1,1,2646,1,CAP,1,1,1,1,1,1,1,NA,NA,NA,NA,NA,85,81,81,61,81,11,65,8,13,38,94,59,80,82,19,29,19,18,4,4,4,1,4,1,3,3,1,4,3
322,19,2,15,14,6493,1,CAP,1,1,1,1,1,1,1,NA,NA,NA,NA,NA,73,100,52,84,72,0,0,0,0,20,70,29,90,91,97,52,39,16,4,1,5,3,2,1,4,4,5,1,1
323,18,1,2,1,3199,1,CAP,1,0,NA,NA,NA,NA,NA,1,0,0,1,1,45,60,100,44,39,69,81,44,42,60,60,70,78,73,95,31,34,38,4,4,4,4,4,4,4,4,4,4,4
324,60,2,1,1,2788,1,CAP,2,NA,NA,NA,NA,NA,NA,NA,NA,NA,NA,NA,NA,NA,NA,NA,NA,NA,NA,NA,NA,NA,NA,NA,NA,NA,NA,NA,NA,NA,NA,NA,NA,NA,NA,NA,NA,NA,NA,NA,NA
325,66,2,5,1,2556,1,Cap,1,1,1,1,1,1,1,NA,NA,NA,NA,NA,58,74,51,51,51,42,51,51,31,73,100,89,90,51,12,81,21,9,3,2,4,4,4,2,3,4,3,2,2
326,21,1,1,2,9717,1,CAP,1,1,NA,NA,NA,NA,NA,1,1,1,0,0,65,75,75,67,44,51,65,45,67,67,63,68,45,64,48,42,35,40,3,3,5,3,3,3,3,3,2,3,3
327,21,2,1,1,5861,1,CAP,1,0,NA,NA,NA,NA,NA,1,1,1,1,1,65,66,39,72,61,30,32,36,31,68,86,66,79,86,79,45,45,43,4,4,4,4,4,4,4,4,2,2,1
328,71,2,1,1,2725,1,CAP,1,1,NA,NA,NA,NA,NA,1,1,1,1,1,72,100,72,52,100,0,0,0,0,100,100,53,100,100,100,0,0,0,1,4,4,1,1,5,6,6,4,1,6
329,51,2,1,1,4023,1,CAP,1,1,1,1,1,1,1,NA,NA,NA,NA,NA,100,100,73,100,72,83,0,0,0,4,31,17,100,100,100,15,0,0,2,4,6,6,4,3,1,2,1,1,3
330,22,2,2,1,8472,1,CAP,1,1,NA,NA,NA,NA,NA,1,0,1,1,1,47,60,46,36,27,51,60,45,42,56,86,83,33,64,45,38,77,63,4,4,6,3,4,6,3,5,5,3,4
331,71,2,1,1,2005,1,CAP,1,1,1,1,1,1,1,NA,NA,NA,NA,NA,57,42,72,59,72,45,33,30,31,32,55,37,79,86,51,85,92,51,4,1,3,2,2,2,1,1,1,1,1
332,42,1,1,1,4827,1,CAP,1,1,1,1,1,1,1,NA,NA,NA,NA,NA,62,63,62,56,44,36,35,25,41,59,61,60,97,95,90,2,3,0,6,4,6,6,3,3,1,2,1,1,2
333,24,2,1,1,8078,1,CAP,1,0,NA,NA,NA,NA,NA,1,1,1,1,1,100,94,88,100,100,13,12,31,6,63,85,58,100,100,100,93,70,46,2,2,2,4,4,3,3,3,2,5,5
334,40,1,1,1,4618,1,blue and bold font,1,1,1,0,0,1,1,NA,NA,NA,NA,NA,69,59,65,59,58,42,55,60,62,55,36,55,58,64,70,66,58,73,2,3,4,3,4,4,3,4,5,3,3
335,40,1,1,1,9162,1,CAP,1,1,1,0,0,1,0,NA,NA,NA,NA,NA,100,100,100,100,100,100,100,100,100,100,100,100,100,100,100,100,100,100,6,6,6,6,6,6,6,6,6,6,6
336,18,2,4,1,8615,1,CAP,1,1,1,1,1,1,1,NA,NA,NA,NA,NA,74,74,70,52,52,25,52,13,52,72,97,36,42,46,57,52,30,54,4,5,6,5,6,2,6,5,4,1,4
337,18,2,2,1,5713,1,CAP,1,1,1,1,1,0,1,NA,NA,NA,NA,NA,76,81,51,56,24,51,46,40,62,73,54,46,73,56,51,69,73,70,4,3,4,4,3,4,4,3,4,3,6
338,58,2,1,1,4947,1,CAP,1,1,1,1,1,1,0,NA,NA,NA,NA,NA,75,81,55,62,56,2,0,7,1,1,3,4,96,95,93,7,7,7,5,3,3,4,5,3,4,5,4,3,4
339,27,1,15,2,1556,1,CAP,1,1,NA,NA,NA,NA,NA,1,1,1,1,1,74,79,35,83,33,26,68,74,65,73,65,77,68,74,69,82,63,89,6,5,6,5,6,6,6,5,5,6,6
340,60,2,1,1,8812,1,CAP,1,1,NA,NA,NA,NA,NA,1,1,1,1,1,97,95,93,87,91,5,0,13,6,52,69,62,95,97,90,87,79,52,5,5,5,5,5,2,2,3,3,5,2
341,20,2,1,4,8784,1,cap,1,1,1,1,1,1,1,NA,NA,NA,NA,NA,84,81,0,90,51,0,0,0,10,60,69,57,70,51,29,52,50,50,4,1,6,1,4,1,1,1,1,3,4
342,26,1,4,1,1075,1,CAP,1,1,NA,NA,NA,NA,NA,1,1,1,1,1,59,55,65,53,52,31,40,40,38,59,55,43,44,51,47,56,60,57,2,3,4,3,3,4,4,5,5,4,4
343,37,2,1,1,9484,1,CAP,1,1,1,1,1,1,1,NA,NA,NA,NA,NA,51,51,51,51,51,33,37,41,17,51,51,51,NA,NA,NA,65,78,92,6,4,6,6,5,1,1,1,1,1,1
344,28,2,2,1,1350,1,CAP,1,1,NA,NA,NA,NA,NA,1,1,1,1,1,61,64,64,57,61,63,60,62,58,60,79,61,56,57,61,66,61,61,5,5,6,3,5,3,4,5,4,3,5
345,55,2,1,1,7654,1,Cap,1,1,NA,NA,NA,NA,NA,1,1,1,1,1,29,85,35,17,78,0,0,0,0,74,90,27,100,100,100,4,3,0,2,3,2,1,2,3,5,4,2,1,4
346,41,1,1,1,1935,1,cap,1,1,NA,NA,NA,NA,NA,1,1,0,1,1,99,100,100,99,100,99,100,100,100,100,100,100,100,100,100,100,99,100,6,6,6,6,6,6,6,6,6,6,6
347,64,2,1,1,7468,1,Cap,1,1,NA,NA,NA,NA,NA,1,1,1,1,1,83,83,84,74,85,13,14,13,15,34,66,27,84,89,92,32,30,33,3,3,3,3,3,2,3,4,2,2,2
348,66,2,1,1,2628,1,CAP,1,1,1,1,1,1,1,NA,NA,NA,NA,NA,82,92,83,63,63,19,14,18,17,84,100,64,93,96,93,73,30,43,4,2,4,1,5,2,5,6,6,5,5
349,61,2,1,1,3400,1,CAP,1,1,NA,NA,NA,NA,NA,1,1,1,1,1,100,100,80,81,70,0,0,0,0,12,80,51,92,92,82,40,40,20,4,3,3,2,3,1,1,3,1,1,2
350,56,2,1,1,9675,1,Cap,1,1,NA,NA,NA,NA,NA,1,1,1,1,1,83,88,73,51,54,6,30,9,40,77,88,26,91,93,91,40,23,14,5,4,4,4,3,4,4,5,3,3,4
351,18,2,1,1,1927,1,CAP,1,1,1,1,1,1,1,NA,NA,NA,NA,NA,80,80,60,70,60,0,0,0,0,55,80,60,50,20,5,60,40,50,4,3,3,4,5,1,2,1,2,1,1
352,21,1,1,1,9228,1,CAP,1,1,1,1,1,0,1,NA,NA,NA,NA,NA,45,70,59,77,38,51,50,51,51,51,46,48,52,51,51,53,45,60,6,2,4,3,4,3,5,1,2,1,4
353,42,1,1,1,8517,1,CAP,1,1,NA,NA,NA,NA,NA,1,1,1,1,1,69,62,35,41,74,22,66,43,81,67,37,27,82,45,59,74,28,39,5,4,5,6,4,6,5,6,4,6,6
354,35,2,1,1,1071,1,CAP,1,1,1,1,1,0,1,NA,NA,NA,NA,NA,61,78,82,70,73,90,100,60,24,78,64,82,75,75,84,75,87,87,6,6,6,6,6,5,6,6,6,6,6
355,45,1,1,1,4727,1,CAP,1,1,NA,NA,NA,NA,NA,1,1,0,0,1,100,100,100,100,100,100,100,100,100,100,100,100,79,83,94,91,100,96,6,6,6,6,6,6,6,6,6,6,5
356,40,1,1,1,4631,1,CAP,1,1,NA,NA,NA,NA,NA,1,1,1,0,1,68,76,80,83,42,27,41,66,85,39,49,44,69,75,62,85,77,66,6,5,5,6,3,5,6,4,4,3,4
357,24,2,1,1,8575,1,CAP,1,1,1,1,1,1,1,NA,NA,NA,NA,NA,53,71,65,49,53,0,0,0,45,61,69,64,66,68,50,43,45,50,4,3,4,4,3,3,4,4,3,2,3
358,63,1,1,1,9885,1,CAP,2,NA,NA,NA,NA,NA,NA,NA,NA,NA,NA,NA,NA,NA,NA,NA,NA,NA,NA,NA,NA,NA,NA,NA,NA,NA,NA,NA,NA,NA,NA,NA,NA,NA,NA,NA,NA,NA,NA,NA,NA
359,20,2,1,1,4219,1,Cap,1,1,NA,NA,NA,NA,NA,1,1,1,1,1,91,93,38,32,32,24,23,29,13,32,21,13,97,95,59,83,6,0,5,4,6,3,2,4,4,4,3,2,4
360,33,1,1,1,6348,1,CAP,1,1,1,1,1,1,1,NA,NA,NA,NA,NA,92,93,92,93,92,10,61,10,61,20,20,20,40,39,39,51,51,51,4,4,4,4,4,1,1,1,1,1,1
361,42,1,1,1,4800,1,CAP,1,1,NA,NA,NA,NA,NA,1,1,1,1,1,40,42,28,30,30,30,31,32,31,72,63,50,66,66,66,39,40,30,4,2,4,4,3,4,5,5,5,5,5
362,62,2,1,1,5959,1,CAP,1,1,NA,NA,NA,NA,NA,1,1,1,1,1,99,100,68,100,61,1,1,0,19,44,31,11,80,81,82,71,72,65,4,4,4,3,4,3,3,2,4,3,4
363,59,1,2,1,2725,1,CAP,1,1,NA,NA,NA,NA,NA,1,1,1,1,1,79,78,80,30,80,31,74,22,83,83,85,85,78,78,64,20,21,21,5,3,6,5,5,4,3,4,4,4,5
364,56,2,1,1,5392,1,CAP,1,1,1,1,1,1,1,NA,NA,NA,NA,NA,82,100,100,73,63,13,14,15,13,72,81,71,71,79,64,62,70,20,4,3,4,3,4,4,3,2,2,2,3
365,50,2,5,1,2761,1,CAP,1,1,1,1,1,1,1,NA,NA,NA,NA,NA,51,64,73,51,52,19,51,20,51,73,80,60,73,75,52,72,63,51,2,3,1,2,2,3,4,6,5,4,3
366,44,2,1,1,2248,1,Cap,1,1,1,1,1,0,0,NA,NA,NA,NA,NA,100,100,100,100,100,100,100,100,100,100,100,100,100,100,100,100,100,100,1,1,1,1,1,6,6,6,6,6,6
367,20,1,2,1,7947,1,Cap,1,1,1,1,0,1,1,NA,NA,NA,NA,NA,71,42,44,72,71,67,73,40,78,78,68,37,31,63,33,34,65,37,2,3,4,3,2,2,4,3,3,4,3
368,69,2,1,1,6316,1,cap,1,1,NA,NA,NA,NA,NA,1,1,1,1,0,71,91,73,71,62,63,24,20,38,67,79,62,73,73,63,82,62,32,4,4,5,4,5,3,2,5,4,3,4
369,51,1,4,1,9130,1,CAP,1,1,1,1,1,1,1,NA,NA,NA,NA,NA,36,90,85,85,81,80,33,33,72,86,100,84,90,75,10,71,100,72,3,5,5,6,5,4,6,6,6,6,6
370,66,2,1,1,4736,1,CAP,1,1,1,1,1,1,1,NA,NA,NA,NA,NA,72,84,97,69,59,8,13,11,12,85,84,88,81,82,93,88,44,38,5,5,5,5,5,5,5,5,2,2,5
371,59,2,2,1,1167,1,CAP,1,1,NA,NA,NA,NA,NA,1,1,1,1,1,100,100,100,100,59,10,10,10,10,88,100,94,43,42,54,91,94,87,6,3,6,5,1,3,1,1,1,1,1
372,74,2,1,1,7317,1,CAP,1,1,NA,NA,NA,NA,NA,1,1,1,1,1,100,100,51,100,100,0,0,0,0,90,100,60,100,100,100,20,10,0,4,4,6,5,5,4,4,4,3,4,4
373,31,1,4,1,8771,1,CAP,1,1,1,1,1,1,1,NA,NA,NA,NA,NA,55,36,62,45,54,22,42,37,31,60,39,40,62,28,64,69,32,60,4,1,5,5,4,4,3,2,3,5,2
374,32,1,1,1,1703,1,CAP,1,1,NA,NA,NA,NA,NA,1,1,1,1,0,66,27,75,41,74,28,31,82,78,80,29,72,29,66,67,90,27,77,2,5,4,4,6,2,4,6,6,5,2
375,36,2,2,1,8429,1,cap,1,1,NA,NA,NA,NA,NA,1,1,1,1,1,37,0,0,22,0,0,0,0,0,0,0,0,100,100,86,0,0,0,5,6,6,1,6,4,1,2,1,1,6
376,63,2,1,1,1456,1,CAP,1,1,NA,NA,NA,NA,NA,1,1,1,1,1,16,10,18,19,18,88,87,80,82,75,75,63,82,79,70,66,65,53,5,4,4,3,4,3,6,3,4,3,3
377,36,1,1,2,2226,1,cap,1,1,1,1,1,1,1,NA,NA,NA,NA,NA,61,64,73,51,76,0,0,0,0,82,89,81,81,79,79,69,70,0,4,1,4,3,1,6,4,4,4,5,4
378,37,2,1,1,9272,1,CAP,1,1,1,1,1,1,1,NA,NA,NA,NA,NA,84,100,55,20,4,28,14,62,0,63,83,74,88,72,52,50,35,64,3,1,1,1,2,1,2,1,2,1,1
379,20,2,2,1,8903,1,CAP,1,1,1,1,1,1,1,NA,NA,NA,NA,NA,34,27,40,38,61,0,0,0,0,11,81,15,100,39,74,57,62,52,3,4,3,4,4,5,5,4,3,4,5
380,60,2,1,1,7069,1,Cap,1,1,NA,NA,NA,NA,NA,1,1,1,1,1,87,93,71,83,83,27,36,35,28,59,76,67,71,78,78,46,46,26,4,4,4,2,4,4,4,3,3,3,3
381,42,1,1,1,3505,1,CAP,1,1,1,1,1,1,1,NA,NA,NA,NA,NA,77,69,78,73,75,19,41,28,28,67,75,62,73,77,74,74,82,39,4,4,5,5,3,2,3,1,5,4,4
382,43,1,4,1,7954,1,CAP,1,1,NA,NA,NA,NA,NA,1,1,1,1,1,54,55,1,8,12,2,0,8,5,35,51,45,100,100,100,0,0,0,1,1,1,1,1,1,1,1,1,1,1
383,69,2,2,1,9972,1,CAP,1,1,1,0,1,1,1,NA,NA,NA,NA,NA,100,26,67,71,82,100,100,100,100,62,40,75,40,41,85,50,0,0,5,5,5,5,5,5,5,4,5,5,6
384,54,2,1,1,9550,1,CAP,1,1,1,1,1,1,1,NA,NA,NA,NA,NA,100,100,80,71,67,0,0,0,0,100,100,100,100,100,100,0,0,0,1,1,2,3,1,1,1,1,1,1,6
385,57,1,1,1,3407,1,CAP,1,1,NA,NA,NA,NA,NA,1,1,1,1,1,70,85,50,60,49,0,0,0,0,82,100,70,100,100,50,0,0,0,4,4,5,4,4,4,4,4,4,4,4
386,44,1,16,15,8579,1,CAP,1,1,1,1,1,1,1,NA,NA,NA,NA,NA,78,45,49,64,35,67,19,7,70,81,85,41,61,64,65,86,77,75,5,2,6,6,3,4,4,1,2,2,2
387,20,2,2,1,7047,1,CAP,1,1,1,1,1,1,1,NA,NA,NA,NA,NA,57,33,23,34,92,43,24,36,19,70,72,51,50,51,50,71,78,86,5,5,6,4,5,5,5,5,5,4,6
388,57,1,1,1,8638,1,Cap,1,1,NA,NA,NA,NA,NA,1,1,1,1,1,0,100,0,52,0,0,0,0,0,100,100,52,100,100,52,50,0,0,6,5,6,6,4,2,4,5,4,6,6
389,78,1,1,1,7225,1,CAP,1,1,1,1,1,1,1,NA,NA,NA,NA,NA,35,71,35,36,51,18,18,18,18,51,1,0,72,74,84,19,20,19,2,2,1,2,2,5,5,5,6,5,5
390,40,1,1,1,4456,1,cap,1,1,NA,NA,NA,NA,NA,1,1,0,0,1,61,45,58,62,47,42,59,50,42,58,54,69,57,67,79,62,71,80,2,2,3,2,2,1,4,3,2,2,2
391,25,1,16,2,9931,1,CAP,1,1,NA,NA,NA,NA,NA,1,1,1,0,1,83,71,39,60,71,75,70,74,56,61,71,36,72,41,69,74,40,71,4,5,4,6,5,4,6,5,5,4,6
392,33,1,16,15,9222,1,cap,1,1,NA,NA,NA,NA,NA,1,1,1,1,1,100,100,23,85,39,9,14,20,15,70,85,59,86,87,92,60,36,35,4,5,5,4,5,3,3,4,5,4,5
393,31,1,16,1,4468,1,Cap,1,0,NA,NA,NA,NA,NA,1,0,1,0,1,35,95,80,70,72,77,78,83,76,79,87,76,84,39,84,80,38,92,3,2,3,3,2,3,4,5,4,4,4
394,71,2,1,1,4271,1,CAP,1,1,1,1,1,1,1,NA,NA,NA,NA,NA,60,54,51,60,53,38,45,49,18,36,62,48,53,52,51,53,53,52,5,3,4,3,4,2,2,2,2,2,2
395,18,1,4,1,1709,1,CAP,1,1,1,1,1,1,1,NA,NA,NA,NA,NA,65,70,65,35,51,28,21,29,30,62,68,69,77,71,78,72,28,52,1,2,3,2,2,4,4,3,4,3,4
396,62,2,1,1,2935,1,Cap,1,1,NA,NA,NA,NA,NA,1,1,1,1,1,35,34,54,43,44,43,44,46,48,47,63,66,43,43,41,43,61,82,3,4,4,4,4,3,4,3,3,2,3
397,31,2,1,2,8033,1,CAP,1,1,NA,NA,NA,NA,NA,1,1,1,1,1,46,72,17,4,14,6,4,3,10,6,3,2,100,95,100,13,8,0,1,1,6,2,1,1,1,1,1,1,1
398,65,2,1,1,9064,1,CAP,1,1,1,1,1,1,1,NA,NA,NA,NA,NA,NA,68,65,NA,68,19,38,22,34,27,67,38,92,100,63,16,3,11,5,3,2,1,2,4,5,4,2,1,5
399,36,1,1,1,9969,1,CAP,1,1,NA,NA,NA,NA,NA,1,1,1,1,1,65,100,39,65,88,12,7,17,15,27,77,14,100,100,87,26,0,0,3,2,4,4,3,6,4,4,4,4,4
400,22,2,15,2,4398,1,Cap,1,0,NA,NA,NA,NA,NA,1,1,1,0,1,48,63,55,46,60,62,65,43,53,73,73,74,79,55,49,37,51,37,4,4,3,1,4,4,1,3,1,3,3
401,62,1,1,1,4301,1,CAP,1,1,1,1,1,0,1,NA,NA,NA,NA,NA,64,62,66,58,68,42,70,55,55,77,73,33,78,69,68,35,35,34,2,1,1,1,3,1,1,1,2,1,2
402,28,1,1,1,8155,1,CAP,1,1,1,1,0,1,1,NA,NA,NA,NA,NA,51,51,51,51,51,48,48,49,48,51,51,51,100,51,51,50,50,50,4,4,5,4,4,3,3,3,5,4,4
403,58,2,1,1,9795,1,CAP,1,1,NA,NA,NA,NA,NA,1,1,1,1,1,70,81,92,83,86,9,6,26,34,59,83,62,56,66,41,64,73,39,2,2,2,1,2,3,1,1,1,1,1
404,69,2,1,1,4985,1,CAP,1,1,1,1,1,1,1,NA,NA,NA,NA,NA,10,30,20,0,30,20,19,10,30,60,60,40,30,40,20,90,89,80,6,3,4,1,3,1,4,2,2,1,1
405,54,1,2,1,6623,1,CAP,1,1,1,1,1,1,1,NA,NA,NA,NA,NA,60,60,60,40,41,44,40,42,46,100,80,70,60,40,40,70,70,60,5,2,6,6,2,6,2,3,3,4,2
406,18,2,1,1,9229,1,CAP,1,1,1,1,1,1,1,NA,NA,NA,NA,NA,70,60,51,50,55,40,55,35,50,65,85,75,60,55,55,60,49,55,5,4,4,4,4,4,1,1,2,1,1
407,57,1,1,1,5657,1,Cap,1,1,NA,NA,NA,NA,NA,1,0,1,1,1,61,42,43,59,61,35,27,35,31,44,59,54,67,65,71,47,47,16,4,4,3,3,2,2,4,3,3,3,3
408,26,1,1,1,7771,1,CAP,1,1,1,1,1,1,1,NA,NA,NA,NA,NA,86,69,74,29,15,9,7,7,87,89,89,87,64,51,49,73,67,23,4,5,6,6,4,4,1,1,1,1,3
409,20,1,1,1,6374,1,Cap,1,0,1,1,1,1,1,NA,NA,NA,NA,NA,78,72,40,26,32,30,75,15,90,20,87,56,100,94,100,50,36,34,5,4,4,3,4,3,4,3,3,5,3
410,64,2,1,1,8808,1,CAP,2,NA,NA,NA,NA,NA,NA,NA,NA,NA,NA,NA,NA,NA,NA,NA,NA,NA,NA,NA,NA,NA,NA,NA,NA,NA,NA,NA,NA,NA,NA,NA,NA,NA,NA,NA,NA,NA,NA,NA,NA
411,37,1,1,1,5568,1,CAP,1,0,NA,NA,NA,NA,NA,1,1,0,0,1,71,91,80,70,85,89,83,95,76,82,91,86,81,90,95,92,75,91,6,5,6,6,5,6,5,6,6,5,6
412,29,2,2,15,5193,1,CAP,1,1,NA,NA,NA,NA,NA,1,1,1,1,1,76,70,53,48,57,9,74,20,6,80,100,100,49,20,0,50,50,51,1,5,6,4,3,2,2,2,5,5,4
413,32,1,2,1,1097,1,CAP,1,1,1,1,1,0,1,NA,NA,NA,NA,NA,71,83,77,73,62,19,55,42,29,26,17,13,54,61,45,58,62,36,4,3,4,5,4,4,3,5,4,4,3
414,58,2,1,1,7080,1,CAP,1,1,NA,NA,NA,NA,NA,1,1,1,1,1,90,100,100,90,90,0,0,0,0,83,85,32,100,100,100,83,51,9,5,4,3,4,4,1,1,1,1,1,1
415,29,2,2,1,8754,1,CAP,1,1,1,1,1,1,0,NA,NA,NA,NA,NA,89,90,80,92,80,28,68,40,61,55,71,76,84,91,84,89,89,94,5,6,6,6,6,5,6,6,6,6,6
416,29,1,2,2,2329,1,Cap,2,NA,NA,NA,NA,NA,NA,NA,NA,NA,NA,NA,NA,NA,NA,NA,NA,NA,NA,NA,NA,NA,NA,NA,NA,NA,NA,NA,NA,NA,NA,NA,NA,NA,NA,NA,NA,NA,NA,NA,NA
417,66,1,1,1,2993,1,CAP,1,1,NA,NA,NA,NA,NA,1,1,0,1,1,52,41,68,52,76,52,67,24,52,32,89,70,92,100,97,98,6,13,4,4,5,6,5,4,4,4,4,4,4
418,30,1,4,1,9502,1,CAP,1,1,NA,NA,NA,NA,NA,1,1,1,1,1,84,65,85,82,73,58,52,61,55,54,67,75,53,46,16,53,53,44,4,4,6,6,6,4,2,1,1,1,1
419,37,2,5,1,4870,1,CA0,1,1,NA,NA,NA,NA,NA,1,1,1,1,1,73,82,89,76,66,4,19,18,8,79,73,78,34,69,36,72,70,69,4,4,4,4,2,4,4,4,4,2,2
420,46,2,2,1,6752,1,CAP,1,0,1,1,1,1,1,NA,NA,NA,NA,NA,NA,NA,NA,NA,NA,NA,NA,NA,NA,NA,NA,NA,NA,NA,NA,NA,NA,NA,6,6,6,6,6,1,4,4,2,1,1
421,36,1,1,1,9855,1,CAP,1,1,NA,NA,NA,NA,NA,1,1,1,1,1,72,74,75,41,61,19,21,17,19,42,57,66,90,89,62,11,12,7,5,2,5,3,2,3,5,4,3,5,4
422,72,2,2,1,4231,1,CAP,1,0,NA,NA,NA,NA,NA,1,1,1,1,1,45,46,45,45,45,45,46,46,46,60,58,62,57,57,50,59,59,55,3,4,4,2,4,4,3,3,2,2,2
423,32,2,1,2,6701,1,Cap,1,1,1,1,1,0,0,NA,NA,NA,NA,NA,37,33,31,39,27,21,65,40,39,27,85,20,17,82,22,72,19,81,3,3,4,3,2,3,3,3,1,2,2
424,32,1,1,15,9067,1,CAP,2,NA,NA,NA,NA,NA,NA,NA,NA,NA,NA,NA,NA,NA,NA,NA,NA,NA,NA,NA,NA,NA,NA,NA,NA,NA,NA,NA,NA,NA,NA,NA,NA,NA,NA,NA,NA,NA,NA,NA,NA
425,44,1,1,1,5958,1,Cap,1,1,1,1,1,1,1,NA,NA,NA,NA,NA,71,90,60,100,90,0,0,0,0,100,80,90,95,100,100,70,80,95,6,4,6,3,2,4,4,5,4,4,4
426,34,1,1,1,9412,1,CAP,1,1,1,1,1,1,1,NA,NA,NA,NA,NA,100,90,80,87,95,82,77,67,61,97,91,84,96,89,81,96,91,87,5,5,4,4,5,6,5,5,5,5,4
427,73,2,1,1,6669,1,CAP,1,1,NA,NA,NA,NA,NA,1,1,1,1,1,96,97,72,64,75,0,3,1,17,61,87,58,100,100,96,35,5,1,5,4,4,2,4,2,3,3,4,3,2
428,57,2,5,1,8835,1,CAP,1,1,1,1,1,1,1,NA,NA,NA,NA,NA,60,20,30,0,0,0,0,0,0,0,0,0,100,100,100,0,0,0,3,3,5,5,5,5,5,4,4,3,5
429,51,1,1,1,7091,1,cap,1,1,1,1,1,1,1,NA,NA,NA,NA,NA,73,81,31,76,70,0,0,0,0,74,91,24,80,70,30,30,60,20,3,3,3,5,5,1,2,4,3,2,1
430,71,2,4,1,6160,1,CAP,1,1,1,1,1,1,1,NA,NA,NA,NA,NA,88,27,29,39,62,7,85,87,85,21,19,21,87,86,90,85,24,21,5,5,5,5,4,5,5,2,5,5,5
431,58,1,1,1,5064,1,CAP,1,1,NA,NA,NA,NA,NA,1,1,1,1,1,69,81,78,61,67,22,32,19,17,34,75,66,79,78,83,44,40,39,4,4,5,4,4,4,4,3,3,3,2
432,62,1,1,1,8798,1,Cap,1,1,NA,NA,NA,NA,NA,1,1,1,1,1,58,100,100,100,63,72,72,73,72,100,100,80,100,100,100,0,0,0,3,4,6,6,6,5,2,1,1,1,1
433,30,2,1,14,1399,1,Cap,1,1,NA,NA,NA,NA,NA,1,1,1,1,1,29,69,81,24,25,10,20,22,20,62,100,49,82,87,89,79,11,14,3,3,4,3,4,2,2,3,4,2,3
434,30,2,1,1,8446,1,CAP,1,1,1,1,1,1,1,NA,NA,NA,NA,NA,15,23,0,18,60,0,0,0,0,51,41,18,51,51,37,51,51,37,4,3,2,1,2,2,2,2,1,1,2
435,65,1,1,1,4009,1,CAP,1,1,1,1,1,1,1,NA,NA,NA,NA,NA,100,100,38,72,75,4,4,0,0,75,80,63,97,96,94,17,14,11,4,4,4,4,2,5,3,2,2,3,3
436,34,1,1,1,6891,1,CAP,1,1,1,1,1,1,1,NA,NA,NA,NA,NA,90,89,92,84,85,90,89,92,90,92,92,93,75,80,90,80,86,87,5,4,5,5,6,5,6,5,5,5,6
437,44,1,15,1,3263,1,CAP,1,1,1,1,1,1,1,NA,NA,NA,NA,NA,100,100,51,51,51,0,33,0,51,68,55,32,100,100,100,0,0,0,3,3,4,4,3,4,4,4,4,4,4
438,71,1,1,1,3893,1,CAP,1,0,1,1,1,0,1,NA,NA,NA,NA,NA,90,90,89,93,93,0,0,0,0,93,79,85,91,73,72,100,60,98,4,3,2,1,1,3,1,1,1,1,2
439,47,1,16,15,1103,1,CAP,1,1,NA,NA,NA,NA,NA,1,1,1,1,1,51,50,50,10,50,10,11,11,11,53,81,54,90,75,75,25,25,5,5,2,6,5,4,2,2,5,5,4,4
440,61,1,1,1,4853,1,CAP,1,1,1,1,1,1,1,NA,NA,NA,NA,NA,100,100,100,100,100,0,0,0,0,8,9,9,100,100,100,0,0,0,6,2,6,4,4,5,5,4,4,6,3
441,43,2,1,1,4444,1,Cap,1,1,NA,NA,NA,NA,NA,1,1,1,1,1,71,85,64,59,70,40,40,45,52,52,40,10,80,80,93,80,28,8,2,4,5,2,4,3,4,3,5,5,4
442,36,2,1,1,3340,1,CAP,1,1,1,1,1,1,1,NA,NA,NA,NA,NA,43,66,68,84,74,22,23,20,28,88,100,92,45,39,42,67,72,73,4,3,4,4,4,3,4,3,2,2,1
443,34,1,1,1,4403,1,CAP,1,1,NA,NA,NA,NA,NA,1,1,1,1,1,75,69,57,61,52,29,28,21,27,60,82,66,59,53,52,59,58,62,1,1,1,2,1,1,1,1,1,1,1
444,59,2,11,5,5101,1,blue and bold  font,1,0,NA,NA,NA,NA,NA,1,1,1,0,1,85,50,37,22,25,19,52,27,51,41,35,34,43,42,38,41,37,41,6,4,6,6,6,6,5,5,5,6,4
445,39,1,1,1,5557,1,CAP,1,1,NA,NA,NA,NA,NA,1,1,1,1,1,80,92,20,78,67,5,5,5,5,61,80,71,72,76,65,91,88,95,4,3,3,3,3,3,4,4,3,4,4
446,65,1,1,1,7597,1,CAP,1,1,NA,NA,NA,NA,NA,1,1,1,1,1,53,68,42,37,52,30,31,24,31,85,100,68,63,65,62,91,75,65,6,5,6,4,6,1,3,3,2,2,2
447,56,1,1,1,4271,1,CAP,1,1,1,1,1,1,1,NA,NA,NA,NA,NA,56,62,74,53,51,51,46,47,51,90,90,80,53,53,54,55,51,45,4,4,5,2,2,1,1,2,1,1,1
448,29,2,1,1,9966,1,CAP,1,1,NA,NA,NA,NA,NA,1,1,1,1,1,88,76,77,76,59,0,0,0,0,2,59,7,92,91,100,37,42,5,4,5,6,6,5,4,5,5,5,3,6
449,59,1,1,1,6436,1,cap,1,1,NA,NA,NA,NA,NA,1,1,1,0,1,94,100,88,85,65,0,0,0,0,40,82,17,100,100,100,30,11,0,2,4,4,5,4,4,6,5,6,6,6
450,31,1,15,2,8577,1,Cap,1,1,NA,NA,NA,NA,NA,1,1,0,1,0,40,79,72,57,29,88,84,53,34,87,83,36,94,34,77,88,33,77,2,6,2,2,5,3,5,4,2,6,2
451,72,1,1,1,4858,1,CAP,1,1,1,1,1,0,1,NA,NA,NA,NA,NA,72,33,21,75,34,29,57,61,63,42,43,45,76,64,65,43,37,45,4,4,6,3,5,6,5,6,3,3,4
452,31,2,1,1,5187,1,CAP,1,1,NA,NA,NA,NA,NA,1,1,1,1,1,67,86,100,59,65,0,0,0,23,19,33,28,94,100,98,35,13,0,6,4,6,2,2,2,4,5,2,5,4
453,73,1,1,1,9270,1,CAP,1,1,NA,NA,NA,NA,NA,1,1,1,1,1,72,98,62,79,70,7,7,4,6,49,49,49,80,81,92,39,33,13,5,4,3,4,4,6,4,3,5,2,3
454,52,2,9,1,2567,1,CAP,1,1,1,1,1,1,1,NA,NA,NA,NA,NA,80,100,100,70,70,0,0,19,0,30,85,70,40,40,40,41,40,40,1,2,2,1,1,1,1,1,1,1,1
455,67,2,1,1,6456,1,CAP,1,1,1,1,1,1,1,NA,NA,NA,NA,NA,97,99,92,93,95,8,13,13,3,91,93,88,19,24,27,86,80,91,5,5,5,6,3,NA,NA,NA,NA,NA,NA
456,27,2,1,1,1261,1,Csp,1,1,NA,NA,NA,NA,NA,1,1,1,0,1,51,62,72,20,59,1,17,7,50,6,22,11,80,81,58,20,18,22,4,5,6,4,5,5,5,5,4,6,5
457,30,2,15,2,8095,1,CAP,1,1,1,1,1,1,1,NA,NA,NA,NA,NA,55,59,57,58,51,51,51,51,51,55,58,62,61,62,62,57,59,61,4,4,4,4,4,6,6,6,6,6,6
458,32,2,6,1,9820,1,CAP,1,1,1,1,1,1,1,NA,NA,NA,NA,NA,19,26,38,7,18,7,5,0,39,29,51,48,30,37,45,78,100,83,4,1,3,3,4,1,1,2,2,1,1
459,47,1,2,1,1898,1,CAP,2,NA,NA,NA,NA,NA,NA,NA,NA,NA,NA,NA,NA,NA,NA,NA,NA,NA,NA,NA,NA,NA,NA,NA,NA,NA,NA,NA,NA,NA,NA,NA,NA,NA,NA,NA,NA,NA,NA,NA,NA
460,20,1,2,15,5606,1,cap,1,1,1,1,1,1,1,NA,NA,NA,NA,NA,69,65,0,15,0,0,0,6,0,15,89,15,51,46,33,100,60,14,1,4,5,1,1,2,1,6,3,5,1
461,64,1,1,1,8276,1,CAP,1,1,1,1,1,1,1,NA,NA,NA,NA,NA,70,85,69,62,60,32,15,30,37,71,83,66,81,85,94,38,28,20,6,6,6,6,6,2,5,5,5,5,6
462,71,1,1,1,7494,1,CAP,1,1,NA,NA,NA,NA,NA,1,1,1,1,1,61,72,62,60,60,21,83,21,31,62,72,43,82,72,58,71,31,41,3,3,5,5,4,2,4,4,3,3,3
463,37,1,1,1,7228,1,CAP,1,1,NA,NA,NA,NA,NA,1,1,1,1,1,62,87,60,60,81,22,14,12,12,79,75,91,100,100,83,0,0,2,1,1,3,4,1,6,6,6,6,6,6
464,57,1,2,1,1784,1,CAP,1,1,1,1,1,1,1,NA,NA,NA,NA,NA,68,64,71,69,63,28,26,30,23,91,100,92,91,92,94,25,28,28,4,4,4,4,4,4,4,4,4,4,4
465,30,2,1,1,2752,1,CAP,1,1,1,1,1,1,1,NA,NA,NA,NA,NA,83,100,82,76,64,4,16,11,18,8,99,82,95,100,52,5,0,0,2,2,6,1,4,4,5,6,2,2,1
466,51,1,1,1,3557,1,CAP,1,1,1,1,1,1,1,NA,NA,NA,NA,NA,74,68,72,71,57,17,34,22,26,75,84,51,98,86,95,13,5,20,6,5,4,3,4,5,5,3,4,3,4
467,67,1,1,1,4284,1,Cap,2,NA,NA,NA,NA,NA,NA,NA,NA,NA,NA,NA,NA,NA,NA,NA,NA,NA,NA,NA,NA,NA,NA,NA,NA,NA,NA,NA,NA,NA,NA,NA,NA,NA,NA,NA,NA,NA,NA,NA,NA
468,32,1,1,1,2278,1,Cap,1,1,NA,NA,NA,NA,NA,1,1,0,0,1,87,100,53,93,64,0,0,4,0,1,2,1,100,0,100,53,0,0,4,3,6,5,4,2,3,2,2,2,2
469,60,1,3,1,3136,1,CAP,1,1,NA,NA,NA,NA,NA,1,1,1,0,1,78,62,72,73,52,30,13,27,68,66,74,72,73,75,79,95,86,77,4,4,5,3,4,3,4,4,3,4,4
470,66,2,1,1,1964,1,CAP,1,0,1,1,1,1,1,NA,NA,NA,NA,NA,60,84,63,62,75,18,20,19,20,61,68,28,75,75,55,50,20,9,4,4,4,3,3,5,4,4,4,4,4
471,29,1,15,14,3807,1,CAP,1,1,1,1,1,1,1,NA,NA,NA,NA,NA,9,9,2,5,3,3,3,1,2,20,19,21,71,67,69,40,40,8,4,3,4,3,3,4,4,3,3,3,4
472,40,1,1,1,1868,1,CAP,1,1,1,1,1,1,1,NA,NA,NA,NA,NA,43,58,57,38,46,64,48,60,41,45,36,47,61,59,34,36,44,31,4,4,5,5,4,4,4,4,4,5,5
473,67,1,1,1,1544,1,CAP,2,NA,NA,NA,NA,NA,NA,NA,NA,NA,NA,NA,NA,NA,NA,NA,NA,NA,NA,NA,NA,NA,NA,NA,NA,NA,NA,NA,NA,NA,NA,NA,NA,NA,NA,NA,NA,NA,NA,NA,NA
474,32,2,1,1,2112,1,Cap,1,1,1,1,1,1,1,NA,NA,NA,NA,NA,53,63,100,53,71,0,52,53,0,100,100,100,100,99,100,1,0,0,1,1,6,6,6,3,6,1,1,4,4
475,35,1,1,14,6921,1,cap,2,NA,NA,NA,NA,NA,NA,NA,NA,NA,NA,NA,NA,NA,NA,NA,NA,NA,NA,NA,NA,NA,NA,NA,NA,NA,NA,NA,NA,NA,NA,NA,NA,NA,NA,NA,NA,NA,NA,NA,NA
476,19,1,2,15,4832,1,CAP,1,1,1,1,1,1,1,NA,NA,NA,NA,NA,78,86,62,68,56,16,67,63,42,31,76,37,58,46,46,75,67,30,1,2,2,1,1,2,3,3,3,2,3
477,22,1,15,2,2586,1,CAP,1,0,NA,NA,NA,NA,NA,1,1,0,1,1,48,51,48,51,51,51,51,51,51,51,51,51,51,51,51,51,51,48,5,4,3,3,3,4,4,2,6,4,4
478,76,1,1,1,3389,1,CAP,2,NA,NA,NA,NA,NA,NA,NA,NA,NA,NA,NA,NA,NA,NA,NA,NA,NA,NA,NA,NA,NA,NA,NA,NA,NA,NA,NA,NA,NA,NA,NA,NA,NA,NA,NA,NA,NA,NA,NA,NA
479,54,1,10,1,2958,1,CAP,1,1,NA,NA,NA,NA,NA,1,1,1,1,1,60,60,40,60,40,40,60,40,60,53,40,39,60,40,45,30,70,40,4,4,3,3,4,4,4,3,4,3,3
480,78,1,1,1,4137,1,CAP,1,1,1,1,1,1,1,NA,NA,NA,NA,NA,100,100,97,100,85,0,0,0,0,83,100,85,100,100,100,19,0,0,6,4,4,2,4,1,2,1,1,1,1
481,62,1,1,1,9668,1,cap,1,1,NA,NA,NA,NA,NA,1,1,1,1,1,75,80,60,55,65,21,79,33,25,64,83,61,81,86,93,31,23,36,4,3,4,4,3,4,4,3,4,3,4
482,42,2,15,14,3176,1,CAP,1,1,NA,NA,NA,NA,NA,1,1,1,1,1,67,59,48,60,42,70,60,63,59,34,42,35,69,67,49,45,42,20,5,6,6,6,6,2,2,3,4,1,2
483,32,2,1,1,1572,1,CAP,1,1,NA,NA,NA,NA,NA,1,1,1,1,1,84,87,85,80,12,22,24,15,18,97,93,16,78,86,66,92,68,58,5,6,6,5,6,6,3,1,6,1,2
484,26,1,1,1,6066,1,CAP,1,1,1,1,1,0,1,NA,NA,NA,NA,NA,62,65,59,58,63,68,43,44,63,55,45,59,68,53,58,58,58,66,3,2,2,3,3,3,4,4,3,3,4
485,41,1,1,1,3957,1,CAP,1,1,NA,NA,NA,NA,NA,1,1,0,1,1,57,65,52,55,62,60,73,66,64,76,66,58,75,71,70,65,72,65,3,4,2,4,3,3,5,4,3,2,2
486,34,2,1,1,7281,1,CAP,1,1,NA,NA,NA,NA,NA,1,1,1,1,1,38,100,80,21,100,100,100,100,14,99,83,70,29,35,4,100,57,13,6,6,6,6,6,4,6,6,3,6,6
487,65,1,1,1,8651,1,cap,1,1,NA,NA,NA,NA,NA,1,1,0,1,1,58,56,54,51,54,32,50,49,54,12,6,11,80,80,62,31,30,35,4,4,5,4,3,4,2,3,2,3,3
488,80,2,1,1,1853,1,CAP,1,0,NA,NA,NA,NA,NA,1,1,1,1,1,48,54,56,49,59,51,52,47,50,51,50,47,98,65,61,39,34,48,5,4,4,4,3,3,5,5,4,3,4
489,68,1,1,1,8935,1,CAP,1,1,1,1,1,1,1,NA,NA,NA,NA,NA,9,55,9,9,9,8,8,10,7,12,13,13,82,89,86,31,24,5,4,2,4,2,2,5,5,5,5,5,6
490,31,1,1,1,6697,1,cap,1,1,1,0,0,0,0,NA,NA,NA,NA,NA,100,100,100,100,100,100,100,75,100,100,100,100,100,100,100,100,100,100,6,5,6,6,6,6,6,5,6,6,6
491,29,1,16,1,5858,1,CAP,1,1,1,1,1,1,1,NA,NA,NA,NA,NA,75,83,72,55,47,40,55,77,68,63,69,61,84,80,70,43,25,16,3,4,4,5,4,4,5,5,4,6,4
492,80,2,1,1,2487,1,CAP,1,1,NA,NA,NA,NA,NA,1,1,1,1,1,100,100,51,100,100,0,0,0,0,61,81,30,93,98,83,10,10,0,4,3,3,3,4,2,4,4,4,3,3
493,74,2,1,1,9550,1,CAP,1,1,1,1,1,1,1,NA,NA,NA,NA,NA,73,72,77,76,76,8,5,8,3,36,59,61,55,61,59,30,31,32,4,5,6,5,5,4,4,4,3,3,3
494,51,1,1,1,7879,1,cap,1,1,NA,NA,NA,NA,NA,1,1,1,1,1,16,7,39,11,21,64,51,41,77,3,75,14,21,32,44,57,46,33,6,6,6,5,5,1,5,6,2,2,2
495,55,1,2,1,9220,1,CAP,1,1,1,1,0,0,1,NA,NA,NA,NA,NA,67,94,74,99,74,76,67,83,92,75,67,72,85,76,95,89,85,83,6,5,5,5,5,4,4,2,2,1,2
496,47,1,1,1,5494,1,Cap,1,1,1,1,1,0,1,NA,NA,NA,NA,NA,67,69,70,74,40,67,64,40,72,65,67,41,63,38,68,66,50,66,3,2,4,3,4,3,3,3,4,2,3
497,35,1,2,1,1441,1,CAP,1,1,NA,NA,NA,NA,NA,1,1,0,0,0,88,89,67,78,70,70,70,73,76,26,65,80,36,58,79,34,65,94,5,6,5,5,6,5,6,5,5,6,5
498,69,1,1,1,8865,1,captchas,1,1,NA,NA,NA,NA,NA,1,1,1,1,1,61,65,60,60,56,43,43,42,41,41,54,40,70,62,42,60,41,45,4,3,4,3,3,4,4,4,3,3,4
499,68,2,1,1,1132,1,Cap,1,1,1,1,1,1,1,NA,NA,NA,NA,NA,29,41,58,52,52,38,33,35,11,65,85,58,40,41,52,78,65,54,5,4,4,4,5,2,3,2,1,1,1
500,49,1,1,1,9518,1,CAP,1,1,1,1,1,0,1,NA,NA,NA,NA,NA,51,51,51,51,51,51,51,51,51,51,51,51,72,66,69,39,37,39,4,4,5,3,3,1,2,2,2,2,2
501,34,2,1,1,6596,1,CAP,1,1,NA,NA,NA,NA,NA,1,1,1,1,1,24,50,37,24,45,19,27,30,33,21,57,26,25,23,16,77,74,63,3,3,4,4,4,1,1,1,1,1,1
502,42,1,1,1,2779,1,Cap,1,1,NA,NA,NA,NA,NA,1,1,1,1,1,62,71,56,94,67,34,65,25,32,69,58,65,73,67,70,31,30,27,5,5,6,6,4,4,4,3,2,2,4
503,27,1,1,1,4611,1,cap,1,1,NA,NA,NA,NA,NA,1,1,1,1,1,72,73,24,61,86,13,12,9,0,19,3,70,87,87,17,32,18,15,4,3,4,3,3,4,3,3,4,3,3
504,39,1,1,1,1236,1,blue and bold font,1,1,NA,NA,NA,NA,NA,1,1,0,0,0,88,91,93,89,91,93,91,89,84,84,85,84,92,93,96,89,91,92,5,6,6,5,4,5,1,6,5,4,4
505,26,1,1,1,3684,1,CAP,1,1,1,1,0,0,0,NA,NA,NA,NA,NA,58,39,70,63,57,78,64,76,53,62,67,77,65,73,95,73,60,80,4,4,4,3,4,4,4,3,4,3,4
506,69,1,1,1,2726,1,CAP,1,1,1,1,1,1,1,NA,NA,NA,NA,NA,35,30,20,21,80,0,0,0,0,60,75,22,61,82,80,25,0,1,6,3,5,2,3,5,4,3,4,4,2
507,63,2,2,1,8892,1,CAP,1,1,NA,NA,NA,NA,NA,1,1,1,1,1,81,83,82,70,80,0,0,0,0,98,100,78,100,96,83,0,0,0,6,2,5,6,5,1,3,1,1,1,1
508,35,1,3,2,3848,1,cap,1,1,NA,NA,NA,NA,NA,1,1,1,1,1,91,84,92,84,81,85,100,73,73,63,71,74,68,61,78,64,67,71,5,5,4,6,6,3,3,3,6,5,6
509,18,1,2,2,2231,1,Cap,1,1,NA,NA,NA,NA,NA,1,1,1,0,1,100,100,100,44,99,0,100,71,50,51,39,67,91,29,83,99,100,100,6,4,4,3,4,6,6,6,6,6,6
510,32,1,2,1,8131,1,CAP,1,1,1,1,1,1,1,NA,NA,NA,NA,NA,77,99,87,14,5,18,93,22,85,4,82,77,90,52,10,73,17,58,5,6,6,6,6,1,3,5,3,3,3
511,64,1,1,1,5589,1,CAP,1,1,NA,NA,NA,NA,NA,1,1,1,0,1,80,100,0,0,0,0,100,0,0,0,0,0,100,100,100,100,100,60,6,1,6,6,3,4,5,6,6,6,6
512,49,1,1,1,3203,1,cap,1,1,1,1,1,1,1,NA,NA,NA,NA,NA,70,69,68,69,68,69,69,69,69,71,71,71,71,72,70,72,72,72,4,4,4,4,4,4,4,4,4,4,4
513,54,1,1,1,4918,1,CAP,1,1,NA,NA,NA,NA,NA,1,1,0,0,0,97,96,87,95,91,87,88,85,90,81,80,80,76,82,40,75,70,64,4,4,5,5,5,4,4,4,4,4,4
514,90,1,1,1,5016,1,CAP,1,1,1,1,1,0,1,NA,NA,NA,NA,NA,87,83,83,80,81,19,20,21,19,62,62,62,100,100,100,25,25,7,5,5,5,5,4,4,5,5,5,5,4
515,29,2,6,1,6233,1,CAP,1,0,NA,NA,NA,NA,NA,1,1,1,1,1,51,80,51,51,51,30,50,30,40,60,76,100,56,70,70,37,9,2,2,3,1,3,2,4,2,3,3,2,4
516,52,1,1,1,3316,1,Cap,1,1,1,1,1,0,1,NA,NA,NA,NA,NA,82,83,79,77,79,12,9,16,11,20,21,20,13,21,42,78,74,79,6,6,6,6,4,5,5,6,4,6,6
517,30,1,1,1,8983,1,cap,1,1,NA,NA,NA,NA,NA,1,1,1,1,1,84,99,81,78,56,9,2,6,9,62,72,67,75,71,61,35,8,2,4,3,4,3,3,3,3,4,3,2,3
518,43,1,15,2,1289,1,CAP,1,1,NA,NA,NA,NA,NA,1,1,1,0,1,65,76,73,44,38,67,62,69,40,69,85,81,74,75,38,67,77,71,5,4,2,3,5,2,1,5,5,2,3
519,32,1,1,1,2236,1,CAP,1,1,1,1,1,1,1,NA,NA,NA,NA,NA,38,43,59,55,58,55,45,56,44,58,62,46,45,43,41,54,58,55,4,3,5,4,3,2,4,3,4,2,3
520,41,1,1,1,8418,1,CAP,1,1,NA,NA,NA,NA,NA,1,1,1,1,1,85,92,71,70,68,76,36,72,64,87,67,39,72,63,65,96,82,29,5,5,3,5,4,6,4,5,4,3,2
521,76,1,1,1,4863,1,cap,1,1,1,1,1,1,1,NA,NA,NA,NA,NA,80,76,86,72,85,35,84,79,29,66,100,100,100,95,100,97,14,0,2,3,4,4,5,4,4,5,4,4,5
522,44,1,1,1,9586,1,CAP,1,1,1,1,1,1,1,NA,NA,NA,NA,NA,30,30,0,35,60,40,50,50,60,65,70,60,61,54,40,90,70,60,4,1,2,4,3,1,2,1,2,2,1
523,67,1,1,1,4871,1,CAP,1,1,NA,NA,NA,NA,NA,1,1,1,1,1,91,95,90,78,75,0,6,3,7,66,74,32,89,88,88,81,21,21,2,4,4,5,3,4,2,3,4,2,4
524,60,2,2,1,5209,1,CAP,1,1,1,1,1,1,1,NA,NA,NA,NA,NA,52,49,52,54,52,21,53,9,58,NA,65,80,52,69,52,52,53,57,6,2,5,5,5,2,2,4,4,2,3
525,30,1,1,1,6085,1,Cap,1,0,NA,NA,NA,NA,NA,1,1,1,1,1,63,77,NA,72,NA,NA,47,NA,NA,79,66,58,61,65,74,28,26,15,6,6,6,5,5,5,2,2,2,1,2
526,47,1,1,1,6593,1,Cap,1,1,1,1,0,0,0,NA,NA,NA,NA,NA,85,75,78,81,83,82,75,78,80,83,87,87,100,100,100,0,0,0,4,3,2,2,2,2,4,4,5,3,5
527,27,1,1,1,6307,1,CAP,1,1,NA,NA,NA,NA,NA,1,1,1,1,1,74,74,65,64,52,24,27,21,40,60,76,59,92,88,83,65,35,0,4,4,4,4,4,4,4,4,3,3,4
528,52,1,15,2,5889,1,CAP,1,1,NA,NA,NA,NA,NA,1,1,1,0,1,63,68,65,60,64,41,37,40,39,43,43,42,66,69,67,61,37,38,5,5,4,4,4,3,4,4,4,3,3
529,53,1,1,1,7645,1,cap[,1,1,NA,NA,NA,NA,NA,1,1,1,1,1,100,100,100,100,0,0,70,12,29,67,100,79,100,100,100,0,0,0,6,6,6,6,1,1,1,1,1,1,1
530,78,1,1,1,2447,1,CAP,1,1,NA,NA,NA,NA,NA,1,0,0,0,1,65,82,61,78,66,33,40,41,34,80,79,56,75,80,66,39,28,4,4,3,5,4,4,5,4,5,5,4,6
531,30,2,1,1,9342,1,Cap,1,1,NA,NA,NA,NA,NA,1,1,1,1,1,64,68,58,60,37,29,32,29,28,26,31,31,41,32,36,68,68,78,4,4,5,4,4,4,4,4,4,2,4
532,58,1,1,1,9456,1,CAP,1,1,NA,NA,NA,NA,NA,1,1,1,1,1,81,76,80,53,64,29,33,33,29,53,66,64,56,69,80,69,42,27,6,5,6,5,5,4,4,3,3,6,6
533,62,1,1,1,2168,1,CAP,1,1,NA,NA,NA,NA,NA,1,1,1,1,1,100,100,100,51,77,1,3,3,1,100,100,71,93,100,50,9,11,2,1,1,2,2,1,4,3,4,3,3,4
534,73,1,1,1,3249,1,Cap,1,1,1,1,1,1,1,NA,NA,NA,NA,NA,64,62,61,51,51,23,25,25,22,59,55,48,88,88,88,66,36,37,2,2,3,4,3,6,5,5,4,4,4
535,54,1,1,1,3757,1,CAP,1,1,NA,NA,NA,NA,NA,1,1,1,1,1,26,41,54,40,40,42,61,59,56,60,75,42,32,31,31,84,84,85,2,4,2,2,1,4,5,3,4,3,4
536,49,1,1,1,2217,1,CAP,1,1,1,1,1,1,1,NA,NA,NA,NA,NA,59,65,41,23,51,20,51,40,60,62,76,51,72,69,72,55,51,36,5,3,4,4,3,4,4,5,5,3,3
537,55,1,1,1,2016,1,CAP,1,1,1,1,1,1,1,NA,NA,NA,NA,NA,87,100,86,64,86,100,100,100,100,89,94,8,100,100,99,0,0,0,3,4,3,1,5,3,6,6,5,5,5
538,35,1,1,1,7927,1,Cap,1,1,NA,NA,NA,NA,NA,1,1,0,0,1,100,100,100,100,100,100,100,100,100,100,100,100,100,100,100,100,100,100,1,5,4,4,3,1,4,6,5,4,4
539,63,1,1,1,4992,1,CAP,1,1,1,1,1,1,1,NA,NA,NA,NA,NA,81,74,75,72,74,19,18,18,19,70,71,60,85,81,51,39,26,25,6,4,4,2,2,4,4,3,3,4,3
540,35,1,1,1,9275,1,Cap,1,1,1,1,1,1,1,NA,NA,NA,NA,NA,20,54,28,16,28,40,36,47,58,24,77,14,63,55,33,81,65,66,3,3,3,3,3,4,3,3,4,3,5
541,31,2,1,1,2836,1,CAP,1,1,NA,NA,NA,NA,NA,1,1,1,1,1,60,61,61,61,61,10,10,23,51,70,81,85,20,10,50,70,100,100,4,4,5,5,4,3,3,2,1,1,1
542,43,1,1,1,6019,1,Cap,1,1,1,1,1,1,1,NA,NA,NA,NA,NA,62,64,64,65,62,50,45,43,45,44,58,46,48,45,47,59,58,62,6,6,6,1,1,1,1,1,1,1,1
543,33,1,1,1,4204,1,CAP,1,1,NA,NA,NA,NA,NA,1,1,1,0,0,68,68,68,68,68,79,62,63,68,70,68,74,67,61,65,65,66,67,5,4,4,4,4,4,4,4,5,5,4
544,53,1,1,1,8227,1,CAP,1,1,NA,NA,NA,NA,NA,1,1,1,1,1,90,95,60,80,75,5,17,8,9,15,80,25,95,97,100,5,5,1,2,1,3,2,1,3,2,2,2,2,2
545,25,1,1,1,1900,1,CAP,1,1,1,1,1,1,1,NA,NA,NA,NA,NA,55,75,60,40,55,40,40,30,35,60,70,45,100,100,50,100,0,0,1,1,4,1,3,6,2,5,2,1,4
546,55,1,1,1,8862,1,CAP,1,1,1,1,1,1,1,NA,NA,NA,NA,NA,87,88,86,91,34,27,21,40,55,54,76,69,83,87,69,80,25,19,4,3,5,5,5,3,2,4,3,6,1
547,46,1,1,1,4807,1,CAP,1,1,NA,NA,NA,NA,NA,1,1,1,1,1,70,60,80,80,70,70,69,70,80,90,20,90,60,10,100,10,70,0,1,4,3,4,2,4,3,2,4,2,3
548,50,1,1,1,5724,1,CAP,1,0,1,1,1,1,1,NA,NA,NA,NA,NA,52,52,55,57,52,52,52,52,52,8,80,36,27,26,31,86,86,73,1,1,1,4,1,1,2,4,4,1,1
549,30,1,1,6,3554,1,cap,1,1,NA,NA,NA,NA,NA,1,1,1,1,1,64,61,65,57,58,41,38,32,57,41,67,62,59,65,70,65,62,67,6,5,6,6,5,3,2,3,4,3,5
550,28,1,2,1,2238,1,Cap,1,1,NA,NA,NA,NA,NA,1,1,1,0,1,36,40,41,43,42,48,56,48,59,69,77,69,100,100,100,85,85,100,2,5,6,6,1,2,3,3,3,3,4
551,61,1,1,1,6989,1,BLUE,1,1,NA,NA,NA,NA,NA,1,1,1,1,1,75,72,59,42,47,59,57,42,60,22,21,24,92,61,62,68,90,89,4,4,5,5,5,4,4,4,1,1,1
552,34,1,1,1,9634,1,CAP,1,1,1,1,1,1,1,NA,NA,NA,NA,NA,0,80,51,27,17,100,100,100,100,0,0,0,100,100,100,0,0,0,1,1,1,1,1,6,6,6,6,1,1
553,58,1,2,1,8199,1,cap,1,1,1,1,1,1,1,NA,NA,NA,NA,NA,78,84,81,83,75,53,73,61,82,74,80,83,84,80,58,93,66,56,5,5,5,5,2,5,3,3,2,2,2
554,56,1,1,1,9661,1,cap,1,1,1,1,1,1,1,NA,NA,NA,NA,NA,64,72,44,59,42,36,37,34,36,56,58,63,69,71,80,39,37,32,6,4,4,3,4,4,3,4,3,3,4
555,66,1,1,1,8968,1,CAP,1,1,1,1,1,1,1,NA,NA,NA,NA,NA,80,77,75,78,70,38,41,39,39,76,79,80,38,53,57,40,42,33,4,4,4,4,4,4,4,3,4,3,4
556,53,1,1,1,9285,1,CAP,1,1,NA,NA,NA,NA,NA,1,1,1,1,1,74,88,21,44,52,8,12,2,24,54,70,38,92,94,100,55,24,11,6,4,5,5,4,2,3,4,2,1,2
557,46,1,1,1,7679,1,CAP,1,0,NA,NA,NA,NA,NA,1,1,1,1,1,100,100,100,100,100,0,0,0,0,100,100,71,60,60,65,100,100,100,4,3,6,6,3,2,2,2,3,2,2
558,58,1,1,1,6819,1,Cap,1,1,NA,NA,NA,NA,NA,1,1,1,1,1,85,90,77,62,85,2,1,0,3,64,62,9,78,83,70,26,34,29,4,4,4,2,5,2,4,4,4,4,3
559,41,1,2,1,2155,1,CAP,1,0,NA,NA,NA,NA,NA,1,1,1,1,1,88,79,7,96,10,19,8,11,13,36,69,23,29,0,0,64,99,72,1,2,2,1,1,4,6,4,4,6,6
560,62,1,1,1,3857,1,CAP,1,1,NA,NA,NA,NA,NA,1,1,1,1,1,78,60,79,67,42,1,5,3,1,81,80,70,59,62,57,44,42,53,4,4,6,5,3,3,4,5,4,3,2
561,27,2,2,1,8510,1,CAP,1,1,NA,NA,NA,NA,NA,1,1,1,1,1,51,51,51,51,51,51,51,51,51,51,51,51,51,51,51,51,51,51,3,3,3,3,3,3,3,3,3,3,3
562,32,1,1,1,7250,1,cap,1,1,1,1,1,1,1,NA,NA,NA,NA,NA,58,56,47,46,68,51,51,51,51,78,70,75,100,100,100,27,27,29,3,2,6,4,3,6,4,4,4,3,4
563,66,2,1,1,8627,1,cap,1,1,NA,NA,NA,NA,NA,1,1,1,1,1,100,100,65,100,56,1,1,0,1,30,81,5,100,100,100,14,14,0,4,1,2,4,2,5,4,3,2,2,3
564,39,1,2,1,4394,1,Cap,1,1,1,1,1,1,1,NA,NA,NA,NA,NA,100,100,40,100,100,0,0,0,100,30,100,10,100,100,100,0,0,0,6,4,5,6,5,4,4,2,2,4,5
565,46,1,1,1,5065,1,CAP,1,1,NA,NA,NA,NA,NA,1,1,1,1,1,93,100,90,26,0,93,8,26,32,96,100,85,71,79,41,9,0,0,5,6,5,5,6,5,6,5,5,6,6
566,38,2,15,2,9448,1,CAP,1,1,NA,NA,NA,NA,NA,1,1,1,1,1,54,100,53,4,11,1,2,2,4,93,NA,84,0,36,28,34,25,4,5,5,6,4,5,2,5,1,4,6,6
567,52,2,16,1,2189,1,CAP,1,1,1,1,1,0,1,NA,NA,NA,NA,NA,14,100,78,7,2,0,0,0,3,0,1,2,4,4,27,35,77,35,6,1,6,5,6,3,3,3,2,1,2
568,57,2,16,2,6772,1,CAP,1,1,1,1,1,1,1,NA,NA,NA,NA,NA,0,12,0,0,0,17,20,19,20,100,72,39,29,29,0,71,75,77,4,2,3,1,5,1,1,1,1,1,1
569,29,2,1,1,9679,1,Cap,1,1,NA,NA,NA,NA,NA,1,1,1,1,1,60,50,0,58,50,0,0,0,0,59,90,48,75,75,75,25,25,25,1,1,6,6,4,5,3,2,1,2,1
570,62,1,1,1,8881,1,CAP,1,1,NA,NA,NA,NA,NA,1,1,1,1,1,77,93,74,89,92,8,13,9,11,73,81,23,80,84,66,52,35,34,4,2,4,5,5,3,5,4,3,3,3
571,53,1,2,1,6120,1,CAP,1,1,NA,NA,NA,NA,NA,1,1,1,1,1,71,70,70,51,71,30,33,30,31,63,81,81,71,71,64,61,30,51,3,3,3,3,3,3,3,3,3,3,3
572,81,1,1,1,7872,1,cap,1,1,NA,NA,NA,NA,NA,1,1,1,1,1,69,72,74,67,68,52,51,57,56,67,63,38,71,70,74,32,31,25,4,4,4,4,4,5,5,5,5,5,5
573,71,1,1,1,3507,1,Cap,1,1,1,1,1,1,1,NA,NA,NA,NA,NA,78,87,68,89,68,20,24,17,24,71,81,59,80,88,85,33,29,27,4,3,4,4,3,4,4,4,4,4,4
574,53,1,1,1,3931,1,CAP,1,1,1,1,1,1,1,NA,NA,NA,NA,NA,100,100,100,100,100,1,0,0,0,100,100,100,100,100,100,14,0,0,NA,NA,NA,NA,NA,6,4,3,2,1,4
575,50,1,1,1,5148,1,Cap,1,1,NA,NA,NA,NA,NA,1,1,1,1,1,33,32,72,22,39,26,19,23,28,41,37,48,81,88,78,51,26,30,3,3,3,4,3,3,4,3,3,3,3
576,59,1,1,1,9962,1,CAP,1,1,NA,NA,NA,NA,NA,1,0,1,1,1,40,61,64,38,59,62,66,66,68,88,75,76,64,63,61,54,30,28,3,3,3,2,2,3,3,3,2,2,3
577,35,1,1,1,8752,1,CAP,1,1,1,1,1,1,1,NA,NA,NA,NA,NA,94,89,46,62,58,1,58,1,3,84,95,90,79,95,95,89,95,96,3,4,6,5,6,4,4,5,4,4,3
578,55,1,1,1,8393,1,CAP,1,1,NA,NA,NA,NA,NA,1,1,1,1,1,83,77,72,56,68,13,13,18,16,45,96,36,69,76,57,26,26,13,2,1,1,2,1,5,5,6,5,2,4
579,74,1,1,14,7574,1,CAP,1,1,1,1,1,0,1,NA,NA,NA,NA,NA,1,1,47,0,0,52,50,52,87,47,48,55,27,28,25,62,63,60,5,5,3,1,6,2,1,1,3,1,1
580,39,1,15,2,2999,1,CAP,1,1,NA,NA,NA,NA,NA,1,1,1,1,1,72,99,30,62,38,9,37,4,30,83,99,38,100,100,100,0,0,0,3,2,6,4,5,3,3,6,4,5,6
581,26,1,1,1,1095,1,CAP,1,1,1,1,1,1,1,NA,NA,NA,NA,NA,81,82,87,85,30,17,10,14,14,70,81,77,100,100,66,76,69,10,4,1,4,4,4,4,4,4,3,5,3
582,62,1,1,1,9258,1,CAP,1,1,NA,NA,NA,NA,NA,1,1,1,1,1,72,75,51,60,72,31,50,51,39,61,81,70,71,72,72,51,41,41,4,3,4,3,3,3,1,3,3,2,3
583,49,1,1,1,6336,1,CAP,1,1,NA,NA,NA,NA,NA,1,1,1,1,1,61,71,75,66,56,23,21,21,15,70,81,31,72,43,61,63,32,35,4,1,3,4,2,4,3,3,2,4,2
584,29,1,1,15,7017,1,Cap,1,1,1,1,1,0,1,NA,NA,NA,NA,NA,64,83,17,50,43,15,66,37,1,24,61,81,85,90,100,33,23,0,6,5,6,1,6,1,6,5,5,6,6
585,72,1,1,1,9182,1,Cap,1,0,1,1,1,1,1,NA,NA,NA,NA,NA,37,85,38,74,34,79,62,45,36,22,42,65,88,80,57,79,27,34,6,5,6,6,5,4,5,2,2,3,5
586,64,1,1,1,3013,1,CAP,1,1,1,1,1,1,1,NA,NA,NA,NA,NA,73,80,70,71,71,18,14,18,51,60,72,61,100,81,100,9,9,0,6,6,6,5,4,3,3,4,3,4,4
587,55,1,1,1,6470,1,CAP,1,1,1,1,1,1,1,NA,NA,NA,NA,NA,64,96,77,59,65,0,9,10,10,94,95,74,89,82,97,14,6,0,5,1,5,5,3,4,2,4,4,2,3
588,52,1,1,1,2629,1,Cap,1,1,NA,NA,NA,NA,NA,1,1,1,1,1,38,13,24,30,32,43,46,43,30,48,77,58,0,0,0,0,100,100,4,3,5,1,1,2,4,3,2,1,2
589,52,1,1,1,1465,1,CAP,1,1,1,1,1,1,1,NA,NA,NA,NA,NA,100,100,100,100,50,0,0,0,0,50,50,50,100,100,100,0,0,0,6,4,4,4,2,2,2,2,2,2,1
590,47,1,1,1,6622,1,CAP,1,1,1,1,1,1,1,NA,NA,NA,NA,NA,72,87,79,60,61,19,13,14,27,69,75,61,82,87,66,71,62,54,5,5,5,4,4,4,3,3,3,4,4
591,32,2,1,1,4291,1,CAP,1,1,NA,NA,NA,NA,NA,1,1,1,1,1,51,40,46,56,60,25,40,20,30,20,95,40,80,60,53,70,50,60,1,5,2,2,4,3,3,4,4,3,2
592,26,1,15,2,8873,1,cap,1,1,NA,NA,NA,NA,NA,1,1,1,0,1,59,64,27,81,70,87,61,56,70,68,14,68,74,14,41,69,89,32,3,5,3,2,4,2,5,4,3,6,4
593,52,1,1,1,1863,1,CAP,1,1,1,1,1,1,1,NA,NA,NA,NA,NA,86,100,71,67,57,0,0,0,0,63,70,56,67,67,71,35,34,36,4,4,4,3,4,4,3,4,4,3,3
594,49,1,1,1,5744,1,Cap,1,1,1,1,1,1,1,NA,NA,NA,NA,NA,80,80,50,50,50,0,0,0,40,60,70,60,70,70,100,40,40,0,4,4,6,2,3,4,4,3,3,3,2
595,33,1,4,1,6235,1,Cap,1,0,1,1,1,1,1,NA,NA,NA,NA,NA,84,89,40,44,64,33,70,35,85,70,94,86,91,88,92,21,43,17,6,3,6,5,6,5,5,5,2,2,4
596,36,1,2,1,1135,1,CAP,1,1,1,1,0,1,1,NA,NA,NA,NA,NA,85,87,89,85,94,72,82,89,84,88,89,88,31,76,78,78,88,88,6,5,6,6,5,5,6,6,5,5,6
597,25,1,8,1,4861,1,CAP,1,1,1,1,1,0,1,NA,NA,NA,NA,NA,30,30,59,40,60,30,49,53,60,81,70,60,40,60,40,40,55,40,4,5,5,3,4,4,4,5,5,5,4
598,78,1,1,1,4151,1,CAP,1,1,1,1,1,1,1,NA,NA,NA,NA,NA,51,78,74,81,79,23,24,29,22,83,84,51,81,86,85,18,18,1,5,2,4,1,2,5,2,3,6,2,2
599,82,1,1,1,3239,1,CAP,1,1,1,1,1,1,1,NA,NA,NA,NA,NA,100,100,100,100,100,0,0,0,0,100,100,32,100,100,100,100,100,100,6,6,6,6,6,6,6,6,2,3,4
600,35,2,7,1,9475,1,CAP,1,1,1,1,1,1,1,NA,NA,NA,NA,NA,77,30,77,13,80,79,79,36,74,85,4,22,81,70,83,75,88,29,4,4,6,5,3,5,1,5,4,3,4
601,50,1,1,1,4650,1,cap,1,1,NA,NA,NA,NA,NA,1,1,1,1,1,87,90,69,84,85,39,36,47,18,66,86,61,78,84,88,31,27,28,1,2,4,2,1,2,3,3,1,2,1
602,55,1,1,1,4571,1,Cap,1,1,NA,NA,NA,NA,NA,1,1,1,1,1,100,100,81,75,79,0,0,0,0,52,51,52,78,52,52,70,52,48,5,2,5,5,2,4,2,4,4,3,2
603,36,1,1,1,2860,1,CAP,1,1,NA,NA,NA,NA,NA,1,1,0,0,0,77,59,88,88,89,82,72,86,68,36,64,72,66,80,86,35,62,73,3,3,2,2,2,2,3,3,4,4,4
604,62,2,2,5,2867,1,CAP,1,1,NA,NA,NA,NA,NA,1,1,1,1,1,30,25,27,21,35,30,24,17,33,72,51,39,51,52,51,62,72,65,4,3,4,5,3,4,3,3,2,3,3
605,40,2,2,14,1493,1,CAP,1,0,1,1,1,1,1,NA,NA,NA,NA,NA,33,64,31,32,40,65,39,31,32,40,85,88,75,38,73,79,62,72,3,4,5,3,4,2,4,5,2,5,4
606,35,2,16,2,5164,1,Cap,1,0,1,1,1,0,1,NA,NA,NA,NA,NA,86,100,89,86,0,0,0,0,0,80,100,70,81,78,73,57,62,47,6,3,2,2,6,1,6,4,1,1,1
607,59,1,1,1,3308,1,CAP,1,1,1,1,1,1,1,NA,NA,NA,NA,NA,83,94,76,65,61,20,14,14,21,61,83,44,72,67,62,100,71,63,4,3,4,3,3,2,3,3,3,1,3
608,29,1,1,1,9676,1,CAP,1,1,1,1,1,1,1,NA,NA,NA,NA,NA,45,56,25,25,32,35,58,35,59,67,100,51,39,38,28,100,100,85,6,6,5,4,5,4,4,3,5,5,3
609,59,2,1,1,4630,1,CAP,1,0,NA,NA,NA,NA,NA,1,1,1,0,1,0,0,0,0,0,100,100,100,100,0,0,0,0,0,0,100,100,100,6,6,6,6,6,6,6,6,1,1,6
610,57,2,2,1,1717,1,CAP,1,0,NA,NA,NA,NA,NA,1,1,1,1,0,54,53,53,53,53,54,54,53,58,55,55,54,53,53,53,53,55,53,4,4,4,4,4,4,4,4,4,4,4
611,50,1,1,1,6354,1,Cap,1,1,1,1,1,1,1,NA,NA,NA,NA,NA,97,97,99,94,100,7,11,6,8,4,3,7,100,98,100,5,6,3,5,6,6,6,6,6,6,6,6,4,6
612,30,1,1,1,4990,1,CAP,1,1,NA,NA,NA,NA,NA,1,1,1,1,1,33,100,100,30,51,0,0,0,0,52,100,80,100,100,100,50,30,0,6,6,6,6,6,3,3,4,5,4,3
613,52,1,1,1,2882,1,CAP,1,1,NA,NA,NA,NA,NA,1,1,1,1,1,51,88,51,51,71,0,0,1,2,79,79,81,87,93,51,29,29,7,4,4,4,4,3,4,5,4,4,3,5
614,49,1,1,1,4056,1,CAP,1,1,NA,NA,NA,NA,NA,1,1,1,1,1,75,75,75,75,75,0,0,0,0,10,75,10,100,100,100,0,0,0,6,6,6,6,6,1,1,1,1,1,1
615,75,1,1,1,9687,1,CAP,1,1,1,1,1,1,1,NA,NA,NA,NA,NA,9,9,9,5,40,40,30,21,60,60,71,81,60,81,81,59,70,31,5,4,6,6,4,4,6,6,5,6,6
616,71,2,1,1,8514,1,CAP,1,1,1,1,1,1,1,NA,NA,NA,NA,NA,29,95,100,84,74,0,0,0,0,71,73,20,100,100,100,46,45,0,3,4,5,4,4,3,3,2,2,2,1
617,50,1,4,1,6449,1,cap,1,1,NA,NA,NA,NA,NA,1,1,1,1,1,89,69,77,87,81,83,91,75,87,70,75,80,83,88,90,76,83,80,4,5,5,5,5,4,3,4,2,2,2
618,63,1,1,1,8511,1,CAP,1,1,1,1,1,1,1,NA,NA,NA,NA,NA,45,77,45,45,73,39,42,41,40,61,100,69,14,23,13,90,83,77,4,3,4,3,3,2,2,1,1,1,1
619,51,1,1,1,1462,1,cap,1,1,1,0,1,1,1,NA,NA,NA,NA,NA,65,66,28,27,27,13,27,51,51,63,65,50,61,58,10,29,30,50,4,4,4,3,4,1,6,4,4,4,4
620,24,1,1,1,5465,1,Cap,1,1,1,1,1,1,1,NA,NA,NA,NA,NA,92,95,11,22,52,0,84,11,78,32,70,41,95,96,93,97,7,4,3,5,5,3,3,2,4,4,5,3,5
621,71,1,1,1,3087,1,CAP,1,NA,NA,NA,NA,NA,NA,NA,NA,NA,NA,NA,NA,NA,NA,NA,NA,NA,NA,NA,NA,NA,NA,NA,NA,NA,NA,NA,NA,NA,NA,NA,NA,NA,NA,NA,NA,NA,NA,NA,NA
622,45,2,1,1,6031,1,CAP,NA,NA,NA,NA,NA,NA,NA,NA,NA,NA,NA,NA,NA,NA,NA,NA,NA,NA,NA,NA,NA,NA,NA,NA,NA,NA,NA,NA,NA,NA,NA,NA,NA,NA,NA,NA,NA,NA,NA,NA,NA
255,30,2,1,2,5504,1,cap,NA,NA,NA,NA,NA,NA,NA,NA,NA,NA,NA,NA,NA,NA,NA,NA,NA,NA,NA,NA,NA,NA,NA,NA,NA,NA,NA,NA,NA,NA,NA,NA,NA,NA,NA,NA,NA,NA,NA,NA,NA
623,36,2,1,1,7236,1,Cap,1,NA,NA,NA,NA,NA,NA,NA,NA,NA,NA,NA,NA,NA,NA,NA,NA,NA,NA,NA,NA,NA,NA,NA,NA,NA,NA,NA,NA,NA,NA,NA,NA,NA,NA,NA,NA,NA,NA,NA,NA
624,20,2,2,1,8378,1,CAP,1,NA,NA,NA,NA,NA,NA,1,1,1,1,1,83,60,42,82,17,9,67,100,23,62,90,91,87,19,100,100,11,39,3,5,5,1,6,5,5,6,2,3,1
29,40,2,1,1,5842,1,Cap,1,NA,NA,NA,NA,NA,NA,1,0,1,1,1,100,100,68,50,55,0,0,0,0,0,1,1,80,100,100,35,0,0,3,5,4,4,2,NA,NA,NA,NA,NA,NA
625,20,2,15,2,8049,1,CAP,1,NA,1,1,1,1,1,NA,NA,NA,NA,NA,17,29,71,66,0,73,36,23,95,78,100,63,71,30,77,25,68,29,3,3,4,5,4,NA,NA,NA,NA,NA,NA
626,19,2,3,2,6562,1,CAP,1,NA,1,1,1,1,0,NA,NA,NA,NA,NA,NA,NA,NA,NA,NA,NA,NA,NA,NA,NA,NA,NA,NA,NA,NA,NA,NA,NA,NA,NA,NA,NA,NA,NA,NA,NA,NA,NA,NA
627,73,2,1,1,4517,1,CAP,1,NA,NA,NA,NA,NA,NA,NA,NA,NA,NA,NA,NA,NA,NA,NA,NA,NA,NA,NA,NA,NA,NA,NA,NA,NA,NA,NA,NA,NA,NA,NA,NA,NA,NA,NA,NA,NA,NA,NA,NA
628,59,2,2,1,3097,1,CAP,1,NA,NA,NA,NA,NA,NA,NA,NA,NA,NA,NA,NA,NA,NA,NA,NA,NA,NA,NA,NA,NA,NA,NA,NA,NA,NA,NA,NA,NA,NA,NA,NA,NA,NA,NA,NA,NA,NA,NA,NA
255,30,2,1,2,3665,1,vuo,1,NA,NA,NA,NA,NA,NA,NA,NA,NA,NA,NA,NA,NA,NA,NA,NA,NA,NA,NA,NA,NA,NA,NA,NA,NA,NA,NA,NA,NA,NA,NA,NA,NA,NA,NA,NA,NA,NA,NA,NA
629,63,2,1,1,3744,1,CAP,NA,NA,NA,NA,NA,NA,NA,NA,NA,NA,NA,NA,NA,NA,NA,NA,NA,NA,NA,NA,NA,NA,NA,NA,NA,NA,NA,NA,NA,NA,NA,NA,NA,NA,NA,NA,NA,NA,NA,NA,NA
630,68,2,1,1,7975,1,CAP,NA,NA,NA,NA,NA,NA,NA,NA,NA,NA,NA,NA,NA,NA,NA,NA,NA,NA,NA,NA,NA,NA,NA,NA,NA,NA,NA,NA,NA,NA,NA,NA,NA,NA,NA,NA,NA,NA,NA,NA,NA
631,18,2,2,1,5084,1,CAP,1,NA,NA,NA,NA,NA,NA,NA,NA,NA,NA,NA,NA,NA,NA,NA,NA,NA,NA,NA,NA,NA,NA,NA,NA,NA,NA,NA,NA,NA,NA,NA,NA,NA,NA,NA,NA,NA,NA,NA,NA
632,51,1,2,1,4336,1,CAP,1,NA,1,1,1,1,1,NA,NA,NA,NA,NA,61,74,24,19,23,65,86,86,85,2,2,2,3,4,3,99,99,95,6,6,6,6,6,2,5,5,3,4,3
192,29,1,1,1,6111,1,cap,1,NA,NA,NA,NA,NA,NA,NA,NA,NA,NA,NA,NA,NA,NA,NA,NA,NA,NA,NA,NA,NA,NA,NA,NA,NA,NA,NA,NA,NA,NA,NA,NA,NA,NA,NA,NA,NA,NA,NA,NA
633,58,2,1,1,6639,1,Cap,1,NA,NA,NA,NA,NA,NA,NA,NA,NA,NA,NA,NA,NA,NA,NA,NA,NA,NA,NA,NA,NA,NA,NA,NA,NA,NA,NA,NA,NA,NA,NA,NA,NA,NA,NA,NA,NA,NA,NA,NA
634,59,2,1,1,1282,1,CAP,1,NA,NA,NA,NA,NA,NA,NA,NA,NA,NA,NA,NA,NA,NA,NA,NA,NA,NA,NA,NA,NA,NA,NA,NA,NA,NA,NA,NA,NA,NA,NA,NA,NA,NA,NA,NA,NA,NA,NA,NA
635,79,2,1,1,5772,1,CAP,NA,NA,NA,NA,NA,NA,NA,NA,NA,NA,NA,NA,NA,NA,NA,NA,NA,NA,NA,NA,NA,NA,NA,NA,NA,NA,NA,NA,NA,NA,NA,NA,NA,NA,NA,NA,NA,NA,NA,NA,NA
97,21,1,1,1,2956,1,Cap,NA,NA,NA,NA,NA,NA,NA,NA,NA,NA,NA,NA,NA,NA,NA,NA,NA,NA,NA,NA,NA,NA,NA,NA,NA,NA,NA,NA,NA,NA,NA,NA,NA,NA,NA,NA,NA,NA,NA,NA,NA
636,52,2,6,1,1331,1,CAP,NA,NA,NA,NA,NA,NA,NA,NA,NA,NA,NA,NA,NA,NA,NA,NA,NA,NA,NA,NA,NA,NA,NA,NA,NA,NA,NA,NA,NA,NA,NA,NA,NA,NA,NA,NA,NA,NA,NA,NA,NA
637,18,2,2,1,5583,1,Dick,NA,NA,NA,NA,NA,NA,NA,NA,NA,NA,NA,NA,NA,NA,NA,NA,NA,NA,NA,NA,NA,NA,NA,NA,NA,NA,NA,NA,NA,NA,NA,NA,NA,NA,NA,NA,NA,NA,NA,NA,NA
638,21,1,16,1,4115,1,Juju was so mad at him and,NA,NA,NA,NA,NA,NA,NA,NA,NA,NA,NA,NA,NA,NA,NA,NA,NA,NA,NA,NA,NA,NA,NA,NA,NA,NA,NA,NA,NA,NA,NA,NA,NA,NA,NA,NA,NA,NA,NA,NA,NA
639,54,2,1,1,9170,1,CAP,1,NA,NA,NA,NA,NA,NA,NA,NA,NA,NA,NA,NA,NA,NA,NA,NA,NA,NA,NA,NA,NA,NA,NA,NA,NA,NA,NA,NA,NA,NA,NA,NA,NA,NA,NA,NA,NA,NA,NA,NA
123,39,1,1,14,1936,1,CAP,NA,NA,NA,NA,NA,NA,NA,NA,NA,NA,NA,NA,NA,NA,NA,NA,NA,NA,NA,NA,NA,NA,NA,NA,NA,NA,NA,NA,NA,NA,NA,NA,NA,NA,NA,NA,NA,NA,NA,NA,NA
640,36,1,4,1,6284,1,cap,1,NA,NA,NA,NA,NA,NA,NA,NA,NA,NA,NA,NA,NA,NA,NA,NA,NA,NA,NA,NA,NA,NA,NA,NA,NA,NA,NA,NA,NA,NA,NA,NA,NA,NA,NA,NA,NA,NA,NA,NA
641,28,1,1,1,9786,1,Cap,1,NA,NA,NA,NA,NA,NA,NA,NA,NA,NA,NA,NA,NA,NA,NA,NA,NA,NA,NA,NA,NA,NA,NA,NA,NA,NA,NA,NA,NA,NA,NA,NA,NA,NA,NA,NA,NA,NA,NA,NA
642,83,1,1,1,2402,1,CAP,1,NA,1,1,1,1,1,NA,NA,NA,NA,NA,93,78,11,100,11,NA,NA,NA,NA,NA,NA,NA,NA,NA,NA,NA,NA,NA,NA,NA,NA,NA,NA,NA,NA,NA,NA,NA,NA
643,21,2,2,1,2433,1,Cap,1,NA,NA,NA,NA,NA,NA,1,0,1,0,1,95,85,75,100,65,7,15,100,61,84,95,100,NA,NA,NA,NA,NA,NA,NA,NA,NA,NA,NA,NA,NA,NA,NA,NA,NA
644,67,1,1,1,4170,1,CAP,1,NA,NA,NA,NA,NA,NA,NA,NA,NA,NA,NA,NA,NA,NA,NA,NA,NA,NA,NA,NA,NA,NA,NA,NA,NA,NA,NA,NA,NA,NA,NA,NA,NA,NA,NA,NA,NA,NA,NA,NA
645,78,1,1,1,7803,1,cap,NA,NA,NA,NA,NA,NA,NA,NA,NA,NA,NA,NA,NA,NA,NA,NA,NA,NA,NA,NA,NA,NA,NA,NA,NA,NA,NA,NA,NA,NA,NA,NA,NA,NA,NA,NA,NA,NA,NA,NA,NA
646,68,1,1,1,1538,1,CAP,1,NA,NA,NA,NA,NA,NA,NA,NA,NA,NA,NA,NA,NA,NA,NA,NA,NA,NA,NA,NA,NA,NA,NA,NA,NA,NA,NA,NA,NA,NA,NA,NA,NA,NA,NA,NA,NA,NA,NA,NA
647,62,2,1,1,1092,1,CAP,1,NA,NA,NA,NA,NA,NA,NA,NA,NA,NA,NA,NA,NA,NA,NA,NA,NA,NA,NA,NA,NA,NA,NA,NA,NA,NA,NA,NA,NA,NA,NA,NA,NA,NA,NA,NA,NA,NA,NA,NA
648,72,2,1,1,9887,1,CAP,NA,NA,NA,NA,NA,NA,NA,NA,NA,NA,NA,NA,NA,NA,NA,NA,NA,NA,NA,NA,NA,NA,NA,NA,NA,NA,NA,NA,NA,NA,NA,NA,NA,NA,NA,NA,NA,NA,NA,NA,NA
649,60,2,1,1,6313,1,CAP,1,NA,NA,NA,NA,NA,NA,NA,NA,NA,NA,NA,NA,NA,NA,NA,NA,NA,NA,NA,NA,NA,NA,NA,NA,NA,NA,NA,NA,NA,NA,NA,NA,NA,NA,NA,NA,NA,NA,NA,NA
650,68,2,1,1,2497,1,Cap,1,NA,NA,NA,NA,NA,NA,NA,NA,NA,NA,NA,NA,NA,NA,NA,NA,NA,NA,NA,NA,NA,NA,NA,NA,NA,NA,NA,NA,NA,NA,NA,NA,NA,NA,NA,NA,NA,NA,NA,NA
651,48,2,1,1,2464,1,CAP,1,NA,NA,NA,NA,NA,NA,NA,NA,NA,NA,NA,NA,NA,NA,NA,NA,NA,NA,NA,NA,NA,NA,NA,NA,NA,NA,NA,NA,NA,NA,NA,NA,NA,NA,NA,NA,NA,NA,NA,NA
652,67,1,1,1,6310,1,CAP,1,NA,NA,NA,NA,NA,NA,NA,NA,NA,NA,NA,NA,NA,NA,NA,NA,NA,NA,NA,NA,NA,NA,NA,NA,NA,NA,NA,NA,NA,NA,NA,NA,NA,NA,NA,NA,NA,NA,NA,NA
653,75,1,1,1,6443,1,CAP,1,NA,NA,NA,NA,NA,NA,NA,NA,NA,NA,NA,NA,NA,NA,NA,NA,NA,NA,NA,NA,NA,NA,NA,NA,NA,NA,NA,NA,NA,NA,NA,NA,NA,NA,NA,NA,NA,NA,NA,NA
654,84,1,1,1,4949,1,Cap,1,NA,NA,NA,NA,NA,NA,NA,NA,NA,NA,NA,NA,NA,NA,NA,NA,NA,NA,NA,NA,NA,NA,NA,NA,NA,NA,NA,NA,NA,NA,NA,NA,NA,NA,NA,NA,NA,NA,NA,NA
655,78,1,1,1,6962,1,CAP,1,NA,NA,NA,NA,NA,NA,NA,NA,NA,NA,NA,NA,NA,NA,NA,NA,NA,NA,NA,NA,NA,NA,NA,NA,NA,NA,NA,NA,NA,NA,NA,NA,NA,NA,NA,NA,NA,NA,NA,NA
656,75,2,1,1,9747,1,CAP,1,NA,NA,NA,NA,NA,NA,NA,NA,NA,NA,NA,NA,NA,NA,NA,NA,NA,NA,NA,NA,NA,NA,NA,NA,NA,NA,NA,NA,NA,NA,NA,NA,NA,NA,NA,NA,NA,NA,NA,NA
657,54,2,1,1,7046,1,Cap,1,NA,NA,NA,NA,NA,NA,1,1,1,1,1,74,30,74,33,58,27,19,27,34,55,65,27,69,61,53,31,29,26,6,6,6,5,5,5,5,5,2,3,3
658,50,2,2,1,9389,1,Cap,NA,NA,NA,NA,NA,NA,NA,NA,NA,NA,NA,NA,NA,NA,NA,NA,NA,NA,NA,NA,NA,NA,NA,NA,NA,NA,NA,NA,NA,NA,NA,NA,NA,NA,NA,NA,NA,NA,NA,NA,NA
659,38,2,1,1,6298,1,Cap,NA,NA,NA,NA,NA,NA,NA,NA,NA,NA,NA,NA,NA,NA,NA,NA,NA,NA,NA,NA,NA,NA,NA,NA,NA,NA,NA,NA,NA,NA,NA,NA,NA,NA,NA,NA,NA,NA,NA,NA,NA
660,67,1,1,1,3755,1,CAP,1,NA,NA,NA,NA,NA,NA,NA,NA,NA,NA,NA,NA,NA,NA,NA,NA,NA,NA,NA,NA,NA,NA,NA,NA,NA,NA,NA,NA,NA,NA,NA,NA,NA,NA,NA,NA,NA,NA,NA,NA
661,64,2,1,1,3525,1,CAP,1,NA,NA,NA,NA,NA,NA,NA,NA,NA,NA,NA,NA,NA,NA,NA,NA,NA,NA,NA,NA,NA,NA,NA,NA,NA,NA,NA,NA,NA,NA,NA,NA,NA,NA,NA,NA,NA,NA,NA,NA
662,67,2,1,1,9256,1,CAP,1,NA,NA,NA,NA,NA,NA,NA,NA,NA,NA,NA,NA,NA,NA,NA,NA,NA,NA,NA,NA,NA,NA,NA,NA,NA,NA,NA,NA,NA,NA,NA,NA,NA,NA,NA,NA,NA,NA,NA,NA
663,30,2,1,1,7734,1,Cap,1,NA,1,1,1,1,1,NA,NA,NA,NA,NA,79,70,85,71,60,0,0,0,51,30,51,40,NA,NA,NA,NA,NA,NA,NA,NA,NA,NA,NA,NA,NA,NA,NA,NA,NA
664,58,2,1,1,5628,1,CAP,NA,NA,NA,NA,NA,NA,NA,NA,NA,NA,NA,NA,NA,NA,NA,NA,NA,NA,NA,NA,NA,NA,NA,NA,NA,NA,NA,NA,NA,NA,NA,NA,NA,NA,NA,NA,NA,NA,NA,NA,NA
665,50,2,1,1,7719,1,Cap,NA,NA,NA,NA,NA,NA,NA,NA,NA,NA,NA,NA,NA,NA,NA,NA,NA,NA,NA,NA,NA,NA,NA,NA,NA,NA,NA,NA,NA,NA,NA,NA,NA,NA,NA,NA,NA,NA,NA,NA,NA
666,57,1,1,1,3299,1,Cap,NA,NA,NA,NA,NA,NA,NA,NA,NA,NA,NA,NA,NA,NA,NA,NA,NA,NA,NA,NA,NA,NA,NA,NA,NA,NA,NA,NA,NA,NA,NA,NA,NA,NA,NA,NA,NA,NA,NA,NA,NA
667,41,2,16,1,4650,1,CAP,NA,NA,NA,NA,NA,NA,NA,NA,NA,NA,NA,NA,NA,NA,NA,NA,NA,NA,NA,NA,NA,NA,NA,NA,NA,NA,NA,NA,NA,NA,NA,NA,NA,NA,NA,NA,NA,NA,NA,NA,NA
35,53,2,1,1,8833,1,CAP,1,NA,NA,NA,NA,NA,NA,NA,NA,NA,NA,NA,NA,NA,NA,NA,NA,NA,NA,NA,NA,NA,NA,NA,NA,NA,NA,NA,NA,NA,NA,NA,NA,NA,NA,NA,NA,NA,NA,NA,NA
668,56,1,1,1,5837,1,CAP,1,NA,NA,NA,NA,NA,NA,1,1,1,1,1,72,90,14,67,78,13,6,9,20,50,78,35,NA,NA,NA,NA,NA,NA,NA,NA,NA,NA,NA,NA,NA,NA,NA,NA,NA
669,42,2,1,1,6676,1,cap,1,NA,NA,NA,NA,NA,NA,NA,NA,NA,NA,NA,NA,NA,NA,NA,NA,NA,NA,NA,NA,NA,NA,NA,NA,NA,NA,NA,NA,NA,NA,NA,NA,NA,NA,NA,NA,NA,NA,NA,NA
670,29,1,1,1,7603,1,CAP,1,NA,NA,NA,NA,NA,NA,1,1,1,1,1,NA,NA,NA,NA,NA,NA,NA,NA,NA,NA,NA,NA,NA,NA,NA,NA,NA,NA,NA,NA,NA,NA,NA,NA,NA,NA,NA,NA,NA
671,25,2,1,1,5545,1,CAP,1,NA,NA,NA,NA,NA,NA,NA,NA,NA,NA,NA,NA,NA,NA,NA,NA,NA,NA,NA,NA,NA,NA,NA,NA,NA,NA,NA,NA,NA,NA,NA,NA,NA,NA,NA,NA,NA,NA,NA,NA
672,18,1,16,1,4752,1,CAP,1,NA,NA,NA,NA,NA,NA,1,0,1,0,0,38,88,45,99,58,22,54,58,51,0,90,97,NA,NA,NA,NA,NA,NA,NA,NA,NA,NA,NA,NA,NA,NA,NA,NA,NA
673,31,2,1,1,8993,1,cap,1,NA,NA,NA,NA,NA,NA,NA,NA,NA,NA,NA,NA,NA,NA,NA,NA,NA,NA,NA,NA,NA,NA,NA,NA,NA,NA,NA,NA,NA,NA,NA,NA,NA,NA,NA,NA,NA,NA,NA,NA
674,40,1,1,1,1806,1,CAP,1,NA,1,0,1,0,1,NA,NA,NA,NA,NA,NA,NA,NA,NA,NA,NA,NA,NA,NA,NA,NA,NA,NA,NA,NA,NA,NA,NA,NA,NA,NA,NA,NA,NA,NA,NA,NA,NA,NA
675,72,1,1,1,9685,1,CAP,NA,NA,NA,NA,NA,NA,NA,NA,NA,NA,NA,NA,NA,NA,NA,NA,NA,NA,NA,NA,NA,NA,NA,NA,NA,NA,NA,NA,NA,NA,NA,NA,NA,NA,NA,NA,NA,NA,NA,NA,NA
676,71,1,1,1,4220,1,CAP,1,NA,NA,NA,NA,NA,NA,NA,NA,NA,NA,NA,NA,NA,NA,NA,NA,NA,NA,NA,NA,NA,NA,NA,NA,NA,NA,NA,NA,NA,NA,NA,NA,NA,NA,NA,NA,NA,NA,NA,NA
677,68,1,2,1,7605,1,cap,NA,NA,NA,NA,NA,NA,NA,NA,NA,NA,NA,NA,NA,NA,NA,NA,NA,NA,NA,NA,NA,NA,NA,NA,NA,NA,NA,NA,NA,NA,NA,NA,NA,NA,NA,NA,NA,NA,NA,NA,NA
678,54,1,1,1,2297,1,CAP,NA,NA,NA,NA,NA,NA,NA,NA,NA,NA,NA,NA,NA,NA,NA,NA,NA,NA,NA,NA,NA,NA,NA,NA,NA,NA,NA,NA,NA,NA,NA,NA,NA,NA,NA,NA,NA,NA,NA,NA,NA
679,47,1,1,1,3218,1,Cap,NA,NA,NA,NA,NA,NA,NA,NA,NA,NA,NA,NA,NA,NA,NA,NA,NA,NA,NA,NA,NA,NA,NA,NA,NA,NA,NA,NA,NA,NA,NA,NA,NA,NA,NA,NA,NA,NA,NA,NA,NA
680,49,2,1,1,1487,1,CAP,1,NA,NA,NA,NA,NA,NA,NA,NA,NA,NA,NA,NA,NA,NA,NA,NA,NA,NA,NA,NA,NA,NA,NA,NA,NA,NA,NA,NA,NA,NA,NA,NA,NA,NA,NA,NA,NA,NA,NA,NA
681,65,2,1,1,4783,1,CAP,1,NA,NA,NA,NA,NA,NA,NA,NA,NA,NA,NA,NA,NA,NA,NA,NA,NA,NA,NA,NA,NA,NA,NA,NA,NA,NA,NA,NA,NA,NA,NA,NA,NA,NA,NA,NA,NA,NA,NA,NA
682,73,2,1,1,9611,1,CAP,1,NA,NA,NA,NA,NA,NA,NA,NA,NA,NA,NA,NA,NA,NA,NA,NA,NA,NA,NA,NA,NA,NA,NA,NA,NA,NA,NA,NA,NA,NA,NA,NA,NA,NA,NA,NA,NA,NA,NA,NA
683,34,1,1,1,6480,1,CAP,NA,NA,NA,NA,NA,NA,NA,NA,NA,NA,NA,NA,NA,NA,NA,NA,NA,NA,NA,NA,NA,NA,NA,NA,NA,NA,NA,NA,NA,NA,NA,NA,NA,NA,NA,NA,NA,NA,NA,NA,NA
684,51,1,15,2,4402,1,CAP,NA,NA,NA,NA,NA,NA,NA,NA,NA,NA,NA,NA,NA,NA,NA,NA,NA,NA,NA,NA,NA,NA,NA,NA,NA,NA,NA,NA,NA,NA,NA,NA,NA,NA,NA,NA,NA,NA,NA,NA,NA
685,52,2,1,1,2751,1,CAP,1,NA,1,1,1,1,1,NA,NA,NA,NA,NA,18,16,31,14,16,7,8,8,3,74,97,81,60,66,42,69,74,85,1,3,3,2,4,3,3,3,3,3,2
686,71,2,1,1,4102,1,CAP,1,NA,NA,NA,NA,NA,NA,NA,NA,NA,NA,NA,NA,NA,NA,NA,NA,NA,NA,NA,NA,NA,NA,NA,NA,NA,NA,NA,NA,NA,NA,NA,NA,NA,NA,NA,NA,NA,NA,NA,NA
687,54,1,1,1,9241,1,CAP,1,NA,NA,NA,NA,NA,NA,NA,NA,NA,NA,NA,NA,NA,NA,NA,NA,NA,NA,NA,NA,NA,NA,NA,NA,NA,NA,NA,NA,NA,NA,NA,NA,NA,NA,NA,NA,NA,NA,NA,NA
688,21,1,2,1,1801,1,Cap,NA,NA,NA,NA,NA,NA,NA,NA,NA,NA,NA,NA,NA,NA,NA,NA,NA,NA,NA,NA,NA,NA,NA,NA,NA,NA,NA,NA,NA,NA,NA,NA,NA,NA,NA,NA,NA,NA,NA,NA,NA
689,62,1,1,1,5955,1,CAP,1,NA,NA,NA,NA,NA,NA,NA,NA,NA,NA,NA,NA,NA,NA,NA,NA,NA,NA,NA,NA,NA,NA,NA,NA,NA,NA,NA,NA,NA,NA,NA,NA,NA,NA,NA,NA,NA,NA,NA,NA
690,69,1,1,1,5694,1,CAP,1,NA,NA,NA,NA,NA,NA,NA,NA,NA,NA,NA,NA,NA,NA,NA,NA,NA,NA,NA,NA,NA,NA,NA,NA,NA,NA,NA,NA,NA,NA,NA,NA,NA,NA,NA,NA,NA,NA,NA,NA
691,25,1,16,1,7684,1,CAP,NA,NA,NA,NA,NA,NA,NA,NA,NA,NA,NA,NA,NA,NA,NA,NA,NA,NA,NA,NA,NA,NA,NA,NA,NA,NA,NA,NA,NA,NA,NA,NA,NA,NA,NA,NA,NA,NA,NA,NA,NA
692,63,1,1,1,9677,1,CAP,1,NA,NA,NA,NA,NA,NA,NA,NA,NA,NA,NA,NA,NA,NA,NA,NA,NA,NA,NA,NA,NA,NA,NA,NA,NA,NA,NA,NA,NA,NA,NA,NA,NA,NA,NA,NA,NA,NA,NA,NA
693,40,1,1,1,8620,1,cap,NA,NA,NA,NA,NA,NA,NA,NA,NA,NA,NA,NA,NA,NA,NA,NA,NA,NA,NA,NA,NA,NA,NA,NA,NA,NA,NA,NA,NA,NA,NA,NA,NA,NA,NA,NA,NA,NA,NA,NA,NA
694,76,1,1,1,2921,1,CAP,NA,NA,NA,NA,NA,NA,NA,NA,NA,NA,NA,NA,NA,NA,NA,NA,NA,NA,NA,NA,NA,NA,NA,NA,NA,NA,NA,NA,NA,NA,NA,NA,NA,NA,NA,NA,NA,NA,NA,NA,NA
695,43,1,1,1,6946,1,CAP,1,NA,1,1,1,0,0,NA,NA,NA,NA,NA,77,NA,58,NA,NA,NA,58,NA,55,58,82,NA,71,62,78,36,31,40,NA,NA,NA,NA,NA,5,NA,5,4,3,5
696,68,1,1,1,8106,1,CAP,1,NA,NA,NA,NA,NA,NA,NA,NA,NA,NA,NA,NA,NA,NA,NA,NA,NA,NA,NA,NA,NA,NA,NA,NA,NA,NA,NA,NA,NA,NA,NA,NA,NA,NA,NA,NA,NA,NA,NA,NA
697,27,1,1,1,3219,1,cap,1,NA,1,1,1,1,1,NA,NA,NA,NA,NA,100,100,0,59,100,NA,NA,NA,NA,NA,NA,NA,NA,NA,NA,NA,NA,NA,NA,NA,NA,NA,NA,NA,NA,NA,NA,NA,NA
698,55,2,1,2,1841,1,Cap,1,NA,NA,NA,NA,NA,NA,NA,NA,NA,NA,NA,NA,NA,NA,NA,NA,NA,NA,NA,NA,NA,NA,NA,NA,NA,NA,NA,NA,NA,NA,NA,NA,NA,NA,NA,NA,NA,NA,NA,NA
699,39,2,15,2,7614,1,CAP,1,NA,1,1,1,1,1,NA,NA,NA,NA,NA,42,38,42,46,44,53,NA,53,53,38,47,70,55,48,47,55,57,58,3,3,5,6,5,3,2,1,2,3,2
700,49,1,1,1,8098,1,CAP,NA,NA,NA,NA,NA,NA,NA,NA,NA,NA,NA,NA,NA,NA,NA,NA,NA,NA,NA,NA,NA,NA,NA,NA,NA,NA,NA,NA,NA,NA,NA,NA,NA,NA,NA,NA,NA,NA,NA,NA,NA
701,56,2,1,1,4498,1,CAP,1,NA,NA,NA,NA,NA,NA,NA,NA,NA,NA,NA,NA,NA,NA,NA,NA,NA,NA,NA,NA,NA,NA,NA,NA,NA,NA,NA,NA,NA,NA,NA,NA,NA,NA,NA,NA,NA,NA,NA,NA
702,54,2,1,1,3451,1,Cap,1,NA,NA,NA,NA,NA,NA,1,1,1,1,1,34,33,40,8,19,NA,NA,NA,NA,NA,NA,NA,NA,NA,NA,NA,NA,NA,NA,NA,NA,NA,NA,NA,NA,NA,NA,NA,NA
703,44,1,16,1,4960,1,Cap,1,NA,NA,NA,NA,NA,NA,NA,NA,NA,NA,NA,NA,NA,NA,NA,NA,NA,NA,NA,NA,NA,NA,NA,NA,NA,NA,NA,NA,NA,NA,NA,NA,NA,NA,NA,NA,NA,NA,NA,NA
704,36,2,7,1,9811,1,CAP,1,NA,NA,NA,NA,NA,NA,NA,NA,NA,NA,NA,NA,NA,NA,NA,NA,NA,NA,NA,NA,NA,NA,NA,NA,NA,NA,NA,NA,NA,NA,NA,NA,NA,NA,NA,NA,NA,NA,NA,NA
705,79,1,1,1,6635,1,CAP,1,NA,NA,NA,NA,NA,NA,NA,NA,NA,NA,NA,NA,NA,NA,NA,NA,NA,NA,NA,NA,NA,NA,NA,NA,NA,NA,NA,NA,NA,NA,NA,NA,NA,NA,NA,NA,NA,NA,NA,NA
706,62,1,1,1,2711,1,cap,1,NA,1,1,1,0,1,NA,NA,NA,NA,NA,29,65,31,30,31,36,37,36,33,NA,NA,NA,NA,NA,NA,NA,NA,NA,NA,NA,NA,NA,NA,NA,NA,NA,NA,NA,NA
707,37,2,2,1,6516,1,CAP,1,NA,NA,NA,NA,NA,NA,NA,NA,NA,NA,NA,NA,NA,NA,NA,NA,NA,NA,NA,NA,NA,NA,NA,NA,NA,NA,NA,NA,NA,NA,NA,NA,NA,NA,NA,NA,NA,NA,NA,NA
708,58,1,1,1,1003,1,CAP,1,NA,NA,NA,NA,NA,NA,NA,NA,NA,NA,NA,NA,NA,NA,NA,NA,NA,NA,NA,NA,NA,NA,NA,NA,NA,NA,NA,NA,NA,NA,NA,NA,NA,NA,NA,NA,NA,NA,NA,NA
709,51,1,1,1,4864,1,CAP,1,NA,NA,NA,NA,NA,NA,NA,NA,NA,NA,NA,NA,NA,NA,NA,NA,NA,NA,NA,NA,NA,NA,NA,NA,NA,NA,NA,NA,NA,NA,NA,NA,NA,NA,NA,NA,NA,NA,NA,NA
710,52,1,1,1,2074,1,CAP,NA,NA,NA,NA,NA,NA,NA,NA,NA,NA,NA,NA,NA,NA,NA,NA,NA,NA,NA,NA,NA,NA,NA,NA,NA,NA,NA,NA,NA,NA,NA,NA,NA,NA,NA,NA,NA,NA,NA,NA,NA
